case_id,case_name,symbol,tsym,time,utc,open,high,low,close,volumefrom,volumeto,conversionType,conversionSymbol,context_claims
usdc_svb_2023,USDC / Silicon Valley Bank depeg,USDC,USD,1678320000,2023-03-09T00:00:00Z,1,1,1,1,1178454.69,1178653.52,direct,,CLAIM_108; CLAIM_109
usdc_svb_2023,USDC / Silicon Valley Bank depeg,USDC,USD,1678323600,2023-03-09T01:00:00Z,1,1,1,1,1526025.19,1526017.23,direct,,CLAIM_108; CLAIM_109
usdc_svb_2023,USDC / Silicon Valley Bank depeg,USDC,USD,1678327200,2023-03-09T02:00:00Z,1,1,1,1,1540824.01,1541132.35,direct,,CLAIM_108; CLAIM_109
usdc_svb_2023,USDC / Silicon Valley Bank depeg,USDC,USD,1678330800,2023-03-09T03:00:00Z,1,1,1,1,706196.91,706410.65,direct,,CLAIM_108; CLAIM_109
usdc_svb_2023,USDC / Silicon Valley Bank depeg,USDC,USD,1678334400,2023-03-09T04:00:00Z,1,1,1,1,409350.49,409440.07,direct,,CLAIM_108; CLAIM_109
usdc_svb_2023,USDC / Silicon Valley Bank depeg,USDC,USD,1678338000,2023-03-09T05:00:00Z,1,1,1,1,771977.96,772044.23,direct,,CLAIM_108; CLAIM_109
usdc_svb_2023,USDC / Silicon Valley Bank depeg,USDC,USD,1678341600,2023-03-09T06:00:00Z,1,1,1,1,714691.34,714959.32,direct,,CLAIM_108; CLAIM_109
usdc_svb_2023,USDC / Silicon Valley Bank depeg,USDC,USD,1678345200,2023-03-09T07:00:00Z,1,1,1,1,1786123.31,1786337.2,direct,,CLAIM_108; CLAIM_109
usdc_svb_2023,USDC / Silicon Valley Bank depeg,USDC,USD,1678348800,2023-03-09T08:00:00Z,1,1,1,1,2891322.21,2891785.13,direct,,CLAIM_108; CLAIM_109
usdc_svb_2023,USDC / Silicon Valley Bank depeg,USDC,USD,1678352400,2023-03-09T09:00:00Z,1,1,1,1,2989728.2,2990262.79,direct,,CLAIM_108; CLAIM_109
usdc_svb_2023,USDC / Silicon Valley Bank depeg,USDC,USD,1678356000,2023-03-09T10:00:00Z,1,1,1,1,3100915.81,3101370.95,direct,,CLAIM_108; CLAIM_109
usdc_svb_2023,USDC / Silicon Valley Bank depeg,USDC,USD,1678359600,2023-03-09T11:00:00Z,1,1,1,1,1350492.56,1350186.67,direct,,CLAIM_108; CLAIM_109
usdc_svb_2023,USDC / Silicon Valley Bank depeg,USDC,USD,1678363200,2023-03-09T12:00:00Z,1,1,1,1,632067.86,632257.43,direct,,CLAIM_108; CLAIM_109
usdc_svb_2023,USDC / Silicon Valley Bank depeg,USDC,USD,1678366800,2023-03-09T13:00:00Z,1,1,1,1,1780303.48,1780733.8,direct,,CLAIM_108; CLAIM_109
usdc_svb_2023,USDC / Silicon Valley Bank depeg,USDC,USD,1678370400,2023-03-09T14:00:00Z,1,1,1,1,4139127.55,4139235.38,direct,,CLAIM_108; CLAIM_109
usdc_svb_2023,USDC / Silicon Valley Bank depeg,USDC,USD,1678374000,2023-03-09T15:00:00Z,1,1,0.9999,1,2707554.75,2707570.81,direct,,CLAIM_108; CLAIM_109
usdc_svb_2023,USDC / Silicon Valley Bank depeg,USDC,USD,1678377600,2023-03-09T16:00:00Z,1,1,0.9999,1,2902490.71,2902450.44,direct,,CLAIM_108; CLAIM_109
usdc_svb_2023,USDC / Silicon Valley Bank depeg,USDC,USD,1678381200,2023-03-09T17:00:00Z,1,1,0.9999,1,2817800.45,2817682.3,direct,,CLAIM_108; CLAIM_109
usdc_svb_2023,USDC / Silicon Valley Bank depeg,USDC,USD,1678384800,2023-03-09T18:00:00Z,1,1.022,0.9984,0.9999,9116.88,9115.95,invert_divide,BTC,CLAIM_108; CLAIM_109
usdc_svb_2023,USDC / Silicon Valley Bank depeg,USDC,USD,1678388400,2023-03-09T19:00:00Z,0.9999,1.008,0.9975,0.9999,6387.79,6387.23,invert_divide,BTC,CLAIM_108; CLAIM_109
usdc_svb_2023,USDC / Silicon Valley Bank depeg,USDC,USD,1678392000,2023-03-09T20:00:00Z,1,1.053,0.9982,1.001,125601.96,125678.38,invert_divide,ETH,CLAIM_108; CLAIM_109
usdc_svb_2023,USDC / Silicon Valley Bank depeg,USDC,USD,1678395600,2023-03-09T21:00:00Z,1,1,0.9999,1,2228902.07,2228772.4,direct,,CLAIM_108; CLAIM_109
usdc_svb_2023,USDC / Silicon Valley Bank depeg,USDC,USD,1678399200,2023-03-09T22:00:00Z,1,1,1,1,2824671.42,2824715.01,direct,,CLAIM_108; CLAIM_109
usdc_svb_2023,USDC / Silicon Valley Bank depeg,USDC,USD,1678402800,2023-03-09T23:00:00Z,1,1,1,1,812139.48,812357.77,direct,,CLAIM_108; CLAIM_109
usdc_svb_2023,USDC / Silicon Valley Bank depeg,USDC,USD,1678406400,2023-03-10T00:00:00Z,1,1,1,1,2495767.63,2496155.32,direct,,CLAIM_108; CLAIM_109
usdc_svb_2023,USDC / Silicon Valley Bank depeg,USDC,USD,1678410000,2023-03-10T01:00:00Z,1,1.002,0.9847,1,9035.29,9037.59,invert_divide,BTC,CLAIM_108; CLAIM_109
usdc_svb_2023,USDC / Silicon Valley Bank depeg,USDC,USD,1678413600,2023-03-10T02:00:00Z,1,1.005,1,1,2050.67,2051.09,invert_divide,BTC,CLAIM_108; CLAIM_109
usdc_svb_2023,USDC / Silicon Valley Bank depeg,USDC,USD,1678417200,2023-03-10T03:00:00Z,1,1,1,1,2653146.7,2654100.86,direct,,CLAIM_108; CLAIM_109
usdc_svb_2023,USDC / Silicon Valley Bank depeg,USDC,USD,1678420800,2023-03-10T04:00:00Z,1,1,1,1,3092327.2,3093384.01,direct,,CLAIM_108; CLAIM_109
usdc_svb_2023,USDC / Silicon Valley Bank depeg,USDC,USD,1678424400,2023-03-10T05:00:00Z,1,1,1,1,1910549.11,1911178.96,direct,,CLAIM_108; CLAIM_109
usdc_svb_2023,USDC / Silicon Valley Bank depeg,USDC,USD,1678428000,2023-03-10T06:00:00Z,1,1.007,0.9993,1,2482.3,2482.41,invert_divide,BTC,CLAIM_108; CLAIM_109
usdc_svb_2023,USDC / Silicon Valley Bank depeg,USDC,USD,1678431600,2023-03-10T07:00:00Z,1,1.004,0.9928,1,5215.17,5216.42,invert_divide,BTC,CLAIM_108; CLAIM_109
usdc_svb_2023,USDC / Silicon Valley Bank depeg,USDC,USD,1678435200,2023-03-10T08:00:00Z,1,1,1,1,1210081.27,1210464.91,direct,,CLAIM_108; CLAIM_109
usdc_svb_2023,USDC / Silicon Valley Bank depeg,USDC,USD,1678438800,2023-03-10T09:00:00Z,1,1,1,1,2582981.92,2583599.73,direct,,CLAIM_108; CLAIM_109
usdc_svb_2023,USDC / Silicon Valley Bank depeg,USDC,USD,1678442400,2023-03-10T10:00:00Z,1,1,1,1,3523137.66,3523892.18,direct,,CLAIM_108; CLAIM_109
usdc_svb_2023,USDC / Silicon Valley Bank depeg,USDC,USD,1678446000,2023-03-10T11:00:00Z,1,1,1,1,3889074.46,3889976.65,direct,,CLAIM_108; CLAIM_109
usdc_svb_2023,USDC / Silicon Valley Bank depeg,USDC,USD,1678449600,2023-03-10T12:00:00Z,1,1,1,1,2713324.08,2713471.7,direct,,CLAIM_108; CLAIM_109
usdc_svb_2023,USDC / Silicon Valley Bank depeg,USDC,USD,1678453200,2023-03-10T13:00:00Z,1,1,0.9999,0.9999,5672428.36,5672487.02,direct,,CLAIM_108; CLAIM_109
usdc_svb_2023,USDC / Silicon Valley Bank depeg,USDC,USD,1678456800,2023-03-10T14:00:00Z,0.9999,1.001,0.9999,1,7019621.71,7020010.01,direct,,CLAIM_108; CLAIM_109
usdc_svb_2023,USDC / Silicon Valley Bank depeg,USDC,USD,1678460400,2023-03-10T15:00:00Z,1,1,1,1,4817294.01,4817520.36,direct,,CLAIM_108; CLAIM_109
usdc_svb_2023,USDC / Silicon Valley Bank depeg,USDC,USD,1678464000,2023-03-10T16:00:00Z,1,1,1,1,6077872.03,6078187.41,direct,,CLAIM_108; CLAIM_109
usdc_svb_2023,USDC / Silicon Valley Bank depeg,USDC,USD,1678467600,2023-03-10T17:00:00Z,1,1,1,1,2831192.94,2831248.55,direct,,CLAIM_108; CLAIM_109
usdc_svb_2023,USDC / Silicon Valley Bank depeg,USDC,USD,1678471200,2023-03-10T18:00:00Z,1,1,1,1,8462019.03,8460791.84,direct,,CLAIM_108; CLAIM_109
usdc_svb_2023,USDC / Silicon Valley Bank depeg,USDC,USD,1678474800,2023-03-10T19:00:00Z,1,1,0.9995,1,6400542.33,6400069.62,direct,,CLAIM_108; CLAIM_109
usdc_svb_2023,USDC / Silicon Valley Bank depeg,USDC,USD,1678478400,2023-03-10T20:00:00Z,1,1,0.9998,1,4295177.03,4294611.83,direct,,CLAIM_108; CLAIM_109
usdc_svb_2023,USDC / Silicon Valley Bank depeg,USDC,USD,1678482000,2023-03-10T21:00:00Z,1,1,0.9957,0.9973,11364349.42,11358642.02,direct,,CLAIM_108; CLAIM_109
usdc_svb_2023,USDC / Silicon Valley Bank depeg,USDC,USD,1678485600,2023-03-10T22:00:00Z,0.9973,0.998,0.9912,0.9942,18522947.92,18429593.25,direct,,CLAIM_108; CLAIM_109
usdc_svb_2023,USDC / Silicon Valley Bank depeg,USDC,USD,1678489200,2023-03-10T23:00:00Z,0.9942,0.9988,0.9912,0.9983,16733391.37,16643144.82,direct,,CLAIM_108; CLAIM_109
usdc_svb_2023,USDC / Silicon Valley Bank depeg,USDC,USD,1678492800,2023-03-11T00:00:00Z,0.9983,0.999,0.991,0.9948,27753990.56,27625073.79,direct,,CLAIM_108; CLAIM_109
usdc_svb_2023,USDC / Silicon Valley Bank depeg,USDC,USD,1678496400,2023-03-11T01:00:00Z,0.9948,0.9978,0.9911,0.9947,24780491.56,24628555.2,direct,,CLAIM_108; CLAIM_109
usdc_svb_2023,USDC / Silicon Valley Bank depeg,USDC,USD,1678500000,2023-03-11T02:00:00Z,0.9947,0.9953,0.9842,0.9929,47955514.32,47564072.38,direct,,CLAIM_108; CLAIM_109
usdc_svb_2023,USDC / Silicon Valley Bank depeg,USDC,USD,1678503600,2023-03-11T03:00:00Z,0.9929,0.9952,0.9048,0.9237,30213825.61,29362214.47,direct,,CLAIM_108; CLAIM_109
usdc_svb_2023,USDC / Silicon Valley Bank depeg,USDC,USD,1678507200,2023-03-11T04:00:00Z,0.9237,0.9655,0.917,0.9535,47083621.33,44789482.82,direct,,CLAIM_108; CLAIM_109
usdc_svb_2023,USDC / Silicon Valley Bank depeg,USDC,USD,1678510800,2023-03-11T05:00:00Z,0.9535,0.9589,0.9452,0.9467,37346086.38,35872394.25,direct,,CLAIM_108; CLAIM_109
usdc_svb_2023,USDC / Silicon Valley Bank depeg,USDC,USD,1678514400,2023-03-11T06:00:00Z,0.9467,0.9497,0.8862,0.922,29571141.04,27459467.77,direct,,CLAIM_108; CLAIM_109
usdc_svb_2023,USDC / Silicon Valley Bank depeg,USDC,USD,1678518000,2023-03-11T07:00:00Z,0.922,0.922,0.8774,0.9022,37507159.73,33530238.16,direct,,CLAIM_108; CLAIM_109
usdc_svb_2023,USDC / Silicon Valley Bank depeg,USDC,USD,1678521600,2023-03-11T08:00:00Z,0.9022,0.9271,0.8838,0.923,29043938.88,26315086.39,direct,,CLAIM_108; CLAIM_109
usdc_svb_2023,USDC / Silicon Valley Bank depeg,USDC,USD,1678525200,2023-03-11T09:00:00Z,0.923,0.9246,0.9054,0.9113,34514716.44,31520266.03,direct,,CLAIM_108; CLAIM_109
usdc_svb_2023,USDC / Silicon Valley Bank depeg,USDC,USD,1678528800,2023-03-11T10:00:00Z,0.9113,0.9164,0.908,0.9144,34522840.02,31447259.41,direct,,CLAIM_108; CLAIM_109
usdc_svb_2023,USDC / Silicon Valley Bank depeg,USDC,USD,1678532400,2023-03-11T11:00:00Z,0.9144,0.9316,0.9072,0.9121,17332918.5,15843813.62,direct,,CLAIM_108; CLAIM_109
usdc_svb_2023,USDC / Silicon Valley Bank depeg,USDC,USD,1678536000,2023-03-11T12:00:00Z,0.9121,0.9242,0.9009,0.905,11641810.53,10597711.87,direct,,CLAIM_108; CLAIM_109
usdc_svb_2023,USDC / Silicon Valley Bank depeg,USDC,USD,1678539600,2023-03-11T13:00:00Z,0.905,0.9156,0.9006,0.9113,11719022.78,10659054.96,direct,,CLAIM_108; CLAIM_109
usdc_svb_2023,USDC / Silicon Valley Bank depeg,USDC,USD,1678543200,2023-03-11T14:00:00Z,0.9113,0.9172,0.9078,0.9164,9942086.97,9076550.07,direct,,CLAIM_108; CLAIM_109
usdc_svb_2023,USDC / Silicon Valley Bank depeg,USDC,USD,1678546800,2023-03-11T15:00:00Z,0.9164,0.9228,0.8929,0.9208,10478841.04,9452848.72,direct,,CLAIM_108; CLAIM_109
usdc_svb_2023,USDC / Silicon Valley Bank depeg,USDC,USD,1678550400,2023-03-11T16:00:00Z,0.9208,0.9298,0.9202,0.9293,14539794.78,13445885.97,direct,,CLAIM_108; CLAIM_109
usdc_svb_2023,USDC / Silicon Valley Bank depeg,USDC,USD,1678554000,2023-03-11T17:00:00Z,0.9293,0.9499,0.9287,0.9495,23868001.35,22529139.9,direct,,CLAIM_108; CLAIM_109
usdc_svb_2023,USDC / Silicon Valley Bank depeg,USDC,USD,1678557600,2023-03-11T18:00:00Z,0.9495,0.9587,0.9417,0.9532,9752797.93,9268724.14,direct,,CLAIM_108; CLAIM_109
usdc_svb_2023,USDC / Silicon Valley Bank depeg,USDC,USD,1678561200,2023-03-11T19:00:00Z,0.9532,0.9554,0.9502,0.9541,6768986.98,6444451.97,direct,,CLAIM_108; CLAIM_109
usdc_svb_2023,USDC / Silicon Valley Bank depeg,USDC,USD,1678564800,2023-03-11T20:00:00Z,0.9541,0.9853,0.9533,0.9806,30751986.72,29897104.51,direct,,CLAIM_108; CLAIM_109
usdc_svb_2023,USDC / Silicon Valley Bank depeg,USDC,USD,1678568400,2023-03-11T21:00:00Z,0.9806,0.9826,0.9508,0.9594,12005928.17,11643751.15,direct,,CLAIM_108; CLAIM_109
usdc_svb_2023,USDC / Silicon Valley Bank depeg,USDC,USD,1678572000,2023-03-11T22:00:00Z,0.9594,0.9611,0.9444,0.9557,10132314.8,9698683.55,direct,,CLAIM_108; CLAIM_109
usdc_svb_2023,USDC / Silicon Valley Bank depeg,USDC,USD,1678575600,2023-03-11T23:00:00Z,0.9557,0.9788,0.9553,0.9679,15507597.52,15014151.09,direct,,CLAIM_108; CLAIM_109
usdc_svb_2023,USDC / Silicon Valley Bank depeg,USDC,USD,1678579200,2023-03-12T00:00:00Z,0.9679,0.9705,0.9668,0.9684,11091104.31,10747340.64,direct,,CLAIM_108; CLAIM_109
usdc_svb_2023,USDC / Silicon Valley Bank depeg,USDC,USD,1678582800,2023-03-12T01:00:00Z,0.9684,0.9843,0.9683,0.9807,16898051.19,16557319.58,direct,,CLAIM_108; CLAIM_109
usdc_svb_2023,USDC / Silicon Valley Bank depeg,USDC,USD,1678586400,2023-03-12T02:00:00Z,0.9807,0.9845,0.976,0.9817,27906750.39,27402696.31,direct,,CLAIM_108; CLAIM_109
usdc_svb_2023,USDC / Silicon Valley Bank depeg,USDC,USD,1678590000,2023-03-12T03:00:00Z,0.9817,0.9854,0.9782,0.9847,30508091.15,30025702.31,direct,,CLAIM_108; CLAIM_109
usdc_svb_2023,USDC / Silicon Valley Bank depeg,USDC,USD,1678593600,2023-03-12T04:00:00Z,0.9847,0.9848,0.972,0.9783,16967506.12,16637902.35,direct,,CLAIM_108; CLAIM_109
usdc_svb_2023,USDC / Silicon Valley Bank depeg,USDC,USD,1678597200,2023-03-12T05:00:00Z,0.9783,0.9783,0.9655,0.9747,14865843.39,14507210.17,direct,,CLAIM_108; CLAIM_109
usdc_svb_2023,USDC / Silicon Valley Bank depeg,USDC,USD,1678600800,2023-03-12T06:00:00Z,0.9747,0.975,0.9534,0.9558,5246999.61,5061991.84,direct,,CLAIM_108; CLAIM_109
usdc_svb_2023,USDC / Silicon Valley Bank depeg,USDC,USD,1678604400,2023-03-12T07:00:00Z,0.9558,0.9562,0.9457,0.9484,3623385.57,3447221.91,direct,,CLAIM_108; CLAIM_109
usdc_svb_2023,USDC / Silicon Valley Bank depeg,USDC,USD,1678608000,2023-03-12T08:00:00Z,0.9484,0.9595,0.9474,0.9539,5172322.29,4932347.5,direct,,CLAIM_108; CLAIM_109
usdc_svb_2023,USDC / Silicon Valley Bank depeg,USDC,USD,1678611600,2023-03-12T09:00:00Z,0.9539,0.9605,0.9539,0.9572,4905266.92,4697068.71,direct,,CLAIM_108; CLAIM_109
usdc_svb_2023,USDC / Silicon Valley Bank depeg,USDC,USD,1678615200,2023-03-12T10:00:00Z,0.9572,0.9602,0.9569,0.96,2570821.25,2464084.18,direct,,CLAIM_108; CLAIM_109
usdc_svb_2023,USDC / Silicon Valley Bank depeg,USDC,USD,1678618800,2023-03-12T11:00:00Z,0.96,0.9648,0.9571,0.9574,9731956.4,9380615.48,direct,,CLAIM_108; CLAIM_109
usdc_svb_2023,USDC / Silicon Valley Bank depeg,USDC,USD,1678622400,2023-03-12T12:00:00Z,0.9574,0.9596,0.9556,0.9568,4006718.4,3836947.55,direct,,CLAIM_108; CLAIM_109
usdc_svb_2023,USDC / Silicon Valley Bank depeg,USDC,USD,1678626000,2023-03-12T13:00:00Z,0.9568,0.9665,0.9568,0.9626,8342404.31,8031993.62,direct,,CLAIM_108; CLAIM_109
usdc_svb_2023,USDC / Silicon Valley Bank depeg,USDC,USD,1678629600,2023-03-12T14:00:00Z,0.9626,0.9646,0.9542,0.9609,10491335.48,10092414.53,direct,,CLAIM_108; CLAIM_109
usdc_svb_2023,USDC / Silicon Valley Bank depeg,USDC,USD,1678633200,2023-03-12T15:00:00Z,0.9609,0.9633,0.9584,0.9596,3550713.15,3410571.22,direct,,CLAIM_108; CLAIM_109
usdc_svb_2023,USDC / Silicon Valley Bank depeg,USDC,USD,1678636800,2023-03-12T16:00:00Z,0.9596,0.9646,0.9576,0.9603,12212260.42,11727471.6,direct,,CLAIM_108; CLAIM_109
usdc_svb_2023,USDC / Silicon Valley Bank depeg,USDC,USD,1678640400,2023-03-12T17:00:00Z,0.9603,0.9707,0.956,0.9679,14541039.75,14034608.31,direct,,CLAIM_108; CLAIM_109
usdc_svb_2023,USDC / Silicon Valley Bank depeg,USDC,USD,1678644000,2023-03-12T18:00:00Z,0.9679,0.9747,0.9566,0.9706,12695934.14,12313422.91,direct,,CLAIM_108; CLAIM_109
usdc_svb_2023,USDC / Silicon Valley Bank depeg,USDC,USD,1678647600,2023-03-12T19:00:00Z,0.9706,0.9794,0.9658,0.9658,21914632.38,21307467.67,direct,,CLAIM_108; CLAIM_109
usdc_svb_2023,USDC / Silicon Valley Bank depeg,USDC,USD,1678651200,2023-03-12T20:00:00Z,0.9658,0.9794,0.9657,0.9702,19461795.72,18938410.16,direct,,CLAIM_108; CLAIM_109
usdc_svb_2023,USDC / Silicon Valley Bank depeg,USDC,USD,1678654800,2023-03-12T21:00:00Z,0.9702,0.9722,0.9675,0.9697,5307246.65,5151040.22,direct,,CLAIM_108; CLAIM_109
usdc_svb_2023,USDC / Silicon Valley Bank depeg,USDC,USD,1678658400,2023-03-12T22:00:00Z,0.9697,0.9908,0.9657,0.9902,38334464.66,37784428.75,direct,,CLAIM_108; CLAIM_109
usdc_svb_2023,USDC / Silicon Valley Bank depeg,USDC,USD,1678662000,2023-03-12T23:00:00Z,0.9902,0.9947,0.9852,0.9912,19873761.73,19685761.51,direct,,CLAIM_108; CLAIM_109
usdc_svb_2023,USDC / Silicon Valley Bank depeg,USDC,USD,1678665600,2023-03-13T00:00:00Z,0.9912,0.9947,0.9901,0.9943,10101522.54,10030273.58,direct,,CLAIM_108; CLAIM_109
usdc_svb_2023,USDC / Silicon Valley Bank depeg,USDC,USD,1678669200,2023-03-13T01:00:00Z,0.9943,0.9949,0.992,0.9949,3959619.56,3935882.36,direct,,CLAIM_108; CLAIM_109
usdc_svb_2023,USDC / Silicon Valley Bank depeg,USDC,USD,1678672800,2023-03-13T02:00:00Z,0.9949,0.9958,0.9929,0.9958,5219070.48,5190603.38,direct,,CLAIM_108; CLAIM_109
usdc_svb_2023,USDC / Silicon Valley Bank depeg,USDC,USD,1678676400,2023-03-13T03:00:00Z,0.9958,0.9962,0.991,0.9938,22088932.81,21990231.17,direct,,CLAIM_108; CLAIM_109
usdc_svb_2023,USDC / Silicon Valley Bank depeg,USDC,USD,1678680000,2023-03-13T04:00:00Z,0.9938,0.9946,0.9929,0.993,10075495.01,10033949.38,direct,,CLAIM_108; CLAIM_109
usdc_svb_2023,USDC / Silicon Valley Bank depeg,USDC,USD,1678683600,2023-03-13T05:00:00Z,0.993,0.993,0.9909,0.991,1993916.83,1977036.29,direct,,CLAIM_108; CLAIM_109
usdc_svb_2023,USDC / Silicon Valley Bank depeg,USDC,USD,1678687200,2023-03-13T06:00:00Z,0.991,0.9914,0.99,0.9912,2844989.92,2819247.31,direct,,CLAIM_108; CLAIM_109
usdc_svb_2023,USDC / Silicon Valley Bank depeg,USDC,USD,1678690800,2023-03-13T07:00:00Z,0.9912,0.9929,0.9901,0.9919,2949634.89,2925009.56,direct,,CLAIM_108; CLAIM_109
usdc_svb_2023,USDC / Silicon Valley Bank depeg,USDC,USD,1678694400,2023-03-13T08:00:00Z,0.9919,0.9923,0.991,0.9911,5553110.32,5505472.83,direct,,CLAIM_108; CLAIM_109
usdc_svb_2023,USDC / Silicon Valley Bank depeg,USDC,USD,1678698000,2023-03-13T09:00:00Z,0.9911,0.9918,0.9899,0.9907,4278813.14,4234358.35,direct,,CLAIM_108; CLAIM_109
usdc_svb_2023,USDC / Silicon Valley Bank depeg,USDC,USD,1678701600,2023-03-13T10:00:00Z,0.9907,0.9924,0.9829,0.9894,16623370.22,16430835.56,direct,,CLAIM_108; CLAIM_109
usdc_svb_2023,USDC / Silicon Valley Bank depeg,USDC,USD,1678705200,2023-03-13T11:00:00Z,0.9894,0.9897,0.9867,0.9895,3699281.8,3658187.92,direct,,CLAIM_108; CLAIM_109
usdc_svb_2023,USDC / Silicon Valley Bank depeg,USDC,USD,1678708800,2023-03-13T12:00:00Z,0.9895,0.9909,0.9893,0.9904,10659923.14,10546767.31,direct,,CLAIM_108; CLAIM_109
usdc_svb_2023,USDC / Silicon Valley Bank depeg,USDC,USD,1678712400,2023-03-13T13:00:00Z,0.9904,0.9987,0.9902,0.9987,17736429.74,17664301.61,direct,,CLAIM_108; CLAIM_109
usdc_svb_2023,USDC / Silicon Valley Bank depeg,USDC,USD,1678716000,2023-03-13T14:00:00Z,0.9987,0.9987,0.9904,0.9984,27702734.64,27645662.84,direct,,CLAIM_108; CLAIM_109
usdc_svb_2023,USDC / Silicon Valley Bank depeg,USDC,USD,1678719600,2023-03-13T15:00:00Z,0.9984,0.9988,0.9959,0.9987,17481153.13,17441502.19,direct,,CLAIM_108; CLAIM_109
usdc_svb_2023,USDC / Silicon Valley Bank depeg,USDC,USD,1678723200,2023-03-13T16:00:00Z,0.9987,0.9994,0.9954,0.9987,41656265.21,41637797.41,direct,,CLAIM_108; CLAIM_109
usdc_svb_2023,USDC / Silicon Valley Bank depeg,USDC,USD,1678726800,2023-03-13T17:00:00Z,0.9987,0.9994,0.9985,0.9985,12364980.26,12349917.09,direct,,CLAIM_108; CLAIM_109
usdc_svb_2023,USDC / Silicon Valley Bank depeg,USDC,USD,1678730400,2023-03-13T18:00:00Z,0.9985,0.9996,0.9974,0.9993,14080143.79,14056038.37,direct,,CLAIM_108; CLAIM_109
usdc_svb_2023,USDC / Silicon Valley Bank depeg,USDC,USD,1678734000,2023-03-13T19:00:00Z,0.9993,0.9995,0.9989,0.9992,8062815.29,8054684.85,direct,,CLAIM_108; CLAIM_109
usdc_svb_2023,USDC / Silicon Valley Bank depeg,USDC,USD,1678737600,2023-03-13T20:00:00Z,0.9992,0.9993,0.9989,0.9991,6532045.88,6526810.95,direct,,CLAIM_108; CLAIM_109
usdc_svb_2023,USDC / Silicon Valley Bank depeg,USDC,USD,1678741200,2023-03-13T21:00:00Z,0.9991,0.9992,0.9987,0.9989,3952815.27,3947026.46,direct,,CLAIM_108; CLAIM_109
usdc_svb_2023,USDC / Silicon Valley Bank depeg,USDC,USD,1678744800,2023-03-13T22:00:00Z,0.9989,0.9991,0.9984,0.9989,3638889.79,3631522.93,direct,,CLAIM_108; CLAIM_109
usdc_svb_2023,USDC / Silicon Valley Bank depeg,USDC,USD,1678748400,2023-03-13T23:00:00Z,0.9989,0.9991,0.9983,0.9988,3587626.83,3582550.08,direct,,CLAIM_108; CLAIM_109
usdc_svb_2023,USDC / Silicon Valley Bank depeg,USDC,USD,1678752000,2023-03-14T00:00:00Z,0.9988,0.999,0.9982,0.9986,2227852.08,2215814.59,direct,,CLAIM_108; CLAIM_109
terra_ust_2022,Terra UST collapse,USTC,USD,1651881600,2022-05-07T00:00:00Z,0.9992,0.9996,0.9991,0.9994,1375931.18,1375200.36,direct,,CLAIM_107
terra_ust_2022,Terra UST collapse,USTC,USD,1651885200,2022-05-07T01:00:00Z,0.9994,0.9996,0.9993,0.9994,327211.52,327013.87,direct,,CLAIM_107
terra_ust_2022,Terra UST collapse,USTC,USD,1651888800,2022-05-07T02:00:00Z,0.9994,0.9996,0.9993,0.9994,346373.99,346181.85,direct,,CLAIM_107
terra_ust_2022,Terra UST collapse,USTC,USD,1651892400,2022-05-07T03:00:00Z,0.9994,0.9997,0.9993,0.9994,303987.11,303852.44,direct,,CLAIM_107
terra_ust_2022,Terra UST collapse,USTC,USD,1651896000,2022-05-07T04:00:00Z,0.9994,0.9996,0.9993,0.9994,518550.21,518278.37,direct,,CLAIM_107
terra_ust_2022,Terra UST collapse,USTC,USD,1651899600,2022-05-07T05:00:00Z,0.9994,0.9997,0.9993,0.9996,522438.6,522194.86,direct,,CLAIM_107
terra_ust_2022,Terra UST collapse,USTC,USD,1651903200,2022-05-07T06:00:00Z,0.9996,0.9997,0.9993,0.9994,836251.28,835872.81,direct,,CLAIM_107
terra_ust_2022,Terra UST collapse,USTC,USD,1651906800,2022-05-07T07:00:00Z,0.9994,0.9995,0.9991,0.9993,1070559.49,1069761.2,direct,,CLAIM_107
terra_ust_2022,Terra UST collapse,USTC,USD,1651910400,2022-05-07T08:00:00Z,0.9993,0.9995,0.9991,0.9993,1114758.65,1114029.39,direct,,CLAIM_107
terra_ust_2022,Terra UST collapse,USTC,USD,1651914000,2022-05-07T09:00:00Z,0.9993,0.9995,0.999,0.9991,750844.1,750297.84,direct,,CLAIM_107
terra_ust_2022,Terra UST collapse,USTC,USD,1651917600,2022-05-07T10:00:00Z,0.9991,0.9995,0.9991,0.9994,451441.36,451100.47,direct,,CLAIM_107
terra_ust_2022,Terra UST collapse,USTC,USD,1651921200,2022-05-07T11:00:00Z,0.9994,0.9995,0.9992,0.9993,504804.36,504546.74,direct,,CLAIM_107
terra_ust_2022,Terra UST collapse,USTC,USD,1651924800,2022-05-07T12:00:00Z,0.9993,0.9996,0.9991,0.9992,780880.7,780281.95,direct,,CLAIM_107
terra_ust_2022,Terra UST collapse,USTC,USD,1651928400,2022-05-07T13:00:00Z,0.9992,0.9995,0.9991,0.9992,472570.09,472236.19,direct,,CLAIM_107
terra_ust_2022,Terra UST collapse,USTC,USD,1651932000,2022-05-07T14:00:00Z,0.9992,0.9994,0.9991,0.9993,520422.22,519997.98,direct,,CLAIM_107
terra_ust_2022,Terra UST collapse,USTC,USD,1651935600,2022-05-07T15:00:00Z,0.9993,0.9993,0.9988,0.999,643949.03,643353.49,direct,,CLAIM_107
terra_ust_2022,Terra UST collapse,USTC,USD,1651939200,2022-05-07T16:00:00Z,0.999,0.9991,0.998,0.9988,3024158.87,3019204.92,direct,,CLAIM_107
terra_ust_2022,Terra UST collapse,USTC,USD,1651942800,2022-05-07T17:00:00Z,0.9988,0.9989,0.9974,0.9981,1377924.75,1376204.82,direct,,CLAIM_107
terra_ust_2022,Terra UST collapse,USTC,USD,1651946400,2022-05-07T18:00:00Z,0.9981,0.9983,0.9968,0.9981,2294271.39,2288687.82,direct,,CLAIM_107
terra_ust_2022,Terra UST collapse,USTC,USD,1651950000,2022-05-07T19:00:00Z,0.9981,0.9985,0.9967,0.9969,7474871.2,7453427.22,direct,,CLAIM_107
terra_ust_2022,Terra UST collapse,USTC,USD,1651953600,2022-05-07T20:00:00Z,0.9969,0.997,0.9956,0.996,3859717.86,3844627.69,direct,,CLAIM_107
terra_ust_2022,Terra UST collapse,USTC,USD,1651957200,2022-05-07T21:00:00Z,0.996,0.9963,0.9928,0.9945,7830335.7,7786108.77,direct,,CLAIM_107
terra_ust_2022,Terra UST collapse,USTC,USD,1651960800,2022-05-07T22:00:00Z,0.9945,0.9952,0.9831,0.9849,31338322.72,31006903.06,direct,,CLAIM_107
terra_ust_2022,Terra UST collapse,USTC,USD,1651964400,2022-05-07T23:00:00Z,0.9849,0.9963,0.9849,0.9935,11131551.73,11053369.8,direct,,CLAIM_107
terra_ust_2022,Terra UST collapse,USTC,USD,1651968000,2022-05-08T00:00:00Z,0.9935,0.9941,0.9908,0.9918,3932569.88,3904077.06,direct,,CLAIM_107
terra_ust_2022,Terra UST collapse,USTC,USD,1651971600,2022-05-08T01:00:00Z,0.9918,0.9918,0.9874,0.9881,8345772.05,8252883.01,direct,,CLAIM_107
terra_ust_2022,Terra UST collapse,USTC,USD,1651975200,2022-05-08T02:00:00Z,0.9881,0.993,0.9881,0.9928,11307476.37,11202212.06,direct,,CLAIM_107
terra_ust_2022,Terra UST collapse,USTC,USD,1651978800,2022-05-08T03:00:00Z,0.9928,0.9955,0.9928,0.9954,9599342.71,9549180.14,direct,,CLAIM_107
terra_ust_2022,Terra UST collapse,USTC,USD,1651982400,2022-05-08T04:00:00Z,0.9954,0.9968,0.9951,0.9968,12920350.3,12867036.25,direct,,CLAIM_107
terra_ust_2022,Terra UST collapse,USTC,USD,1651986000,2022-05-08T05:00:00Z,0.9968,0.9974,0.9966,0.9968,8369181.72,8342826.05,direct,,CLAIM_107
terra_ust_2022,Terra UST collapse,USTC,USD,1651989600,2022-05-08T06:00:00Z,0.9968,0.9968,0.9955,0.9958,6136728.62,6112559.66,direct,,CLAIM_107
terra_ust_2022,Terra UST collapse,USTC,USD,1651993200,2022-05-08T07:00:00Z,0.9958,0.9958,0.9951,0.9954,3542038.44,3525708.19,direct,,CLAIM_107
terra_ust_2022,Terra UST collapse,USTC,USD,1651996800,2022-05-08T08:00:00Z,0.9954,0.9955,0.9949,0.9949,2365933.93,2353663.68,direct,,CLAIM_107
terra_ust_2022,Terra UST collapse,USTC,USD,1652000400,2022-05-08T09:00:00Z,0.9949,0.9951,0.9944,0.9946,2529077.2,2515763.65,direct,,CLAIM_107
terra_ust_2022,Terra UST collapse,USTC,USD,1652004000,2022-05-08T10:00:00Z,0.9946,0.9947,0.9927,0.9931,2690462.63,2673270.18,direct,,CLAIM_107
terra_ust_2022,Terra UST collapse,USTC,USD,1652007600,2022-05-08T11:00:00Z,0.9931,0.9932,0.9922,0.9927,2241247.52,2225288.61,direct,,CLAIM_107
terra_ust_2022,Terra UST collapse,USTC,USD,1652011200,2022-05-08T12:00:00Z,0.9927,0.9929,0.992,0.9923,3432740.38,3407513.57,direct,,CLAIM_107
terra_ust_2022,Terra UST collapse,USTC,USD,1652014800,2022-05-08T13:00:00Z,0.9923,0.9932,0.9907,0.9916,6113845.82,6067948.27,direct,,CLAIM_107
terra_ust_2022,Terra UST collapse,USTC,USD,1652018400,2022-05-08T14:00:00Z,0.9916,0.9959,0.9914,0.9957,16674115.05,16586595.09,direct,,CLAIM_107
terra_ust_2022,Terra UST collapse,USTC,USD,1652022000,2022-05-08T15:00:00Z,0.9957,0.9978,0.9957,0.9972,37520854.39,37402372.46,direct,,CLAIM_107
terra_ust_2022,Terra UST collapse,USTC,USD,1652025600,2022-05-08T16:00:00Z,0.9972,0.9974,0.9961,0.9964,16946357.57,16890908.46,direct,,CLAIM_107
terra_ust_2022,Terra UST collapse,USTC,USD,1652029200,2022-05-08T17:00:00Z,0.9964,0.9965,0.9953,0.9954,7432887.09,7402300.8,direct,,CLAIM_107
terra_ust_2022,Terra UST collapse,USTC,USD,1652032800,2022-05-08T18:00:00Z,0.9954,0.9955,0.9947,0.995,2039619.95,2029482.6,direct,,CLAIM_107
terra_ust_2022,Terra UST collapse,USTC,USD,1652036400,2022-05-08T19:00:00Z,0.995,0.9951,0.9947,0.9949,591465.89,588474.26,direct,,CLAIM_107
terra_ust_2022,Terra UST collapse,USTC,USD,1652040000,2022-05-08T20:00:00Z,0.9949,0.9951,0.9946,0.9948,597268.61,594071.26,direct,,CLAIM_107
terra_ust_2022,Terra UST collapse,USTC,USD,1652043600,2022-05-08T21:00:00Z,0.9948,0.9955,0.9948,0.9954,814265.87,810298.15,direct,,CLAIM_107
terra_ust_2022,Terra UST collapse,USTC,USD,1652047200,2022-05-08T22:00:00Z,0.9954,0.9954,0.994,0.995,10508894.58,10448974.65,direct,,CLAIM_107
terra_ust_2022,Terra UST collapse,USTC,USD,1652050800,2022-05-08T23:00:00Z,0.995,0.9952,0.9946,0.9948,757380.53,754956.96,direct,,CLAIM_107
terra_ust_2022,Terra UST collapse,USTC,USD,1652054400,2022-05-09T00:00:00Z,0.9948,0.9953,0.9947,0.9951,1292422.73,1285494.78,direct,,CLAIM_107
terra_ust_2022,Terra UST collapse,USTC,USD,1652058000,2022-05-09T01:00:00Z,0.9951,0.9958,0.9947,0.9955,1802990.38,1794586.35,direct,,CLAIM_107
terra_ust_2022,Terra UST collapse,USTC,USD,1652061600,2022-05-09T02:00:00Z,0.9955,0.9955,0.9942,0.9945,2316202.7,2303613.01,direct,,CLAIM_107
terra_ust_2022,Terra UST collapse,USTC,USD,1652065200,2022-05-09T03:00:00Z,0.9945,0.9956,0.9944,0.9953,2272436.45,2261426.71,direct,,CLAIM_107
terra_ust_2022,Terra UST collapse,USTC,USD,1652068800,2022-05-09T04:00:00Z,0.9953,0.9953,0.9947,0.9952,2467314.06,2454784.77,direct,,CLAIM_107
terra_ust_2022,Terra UST collapse,USTC,USD,1652072400,2022-05-09T05:00:00Z,0.9952,0.9956,0.9942,0.9944,5072104.31,5047454.96,direct,,CLAIM_107
terra_ust_2022,Terra UST collapse,USTC,USD,1652076000,2022-05-09T06:00:00Z,0.9944,0.9946,0.9926,0.9945,1470642.41,1461674.02,direct,,CLAIM_107
terra_ust_2022,Terra UST collapse,USTC,USD,1652079600,2022-05-09T07:00:00Z,0.9945,0.9946,0.9921,0.9944,1486086.94,1477720.55,direct,,CLAIM_107
terra_ust_2022,Terra UST collapse,USTC,USD,1652083200,2022-05-09T08:00:00Z,0.9944,0.9944,0.994,0.9943,1220483.92,1213511.83,direct,,CLAIM_107
terra_ust_2022,Terra UST collapse,USTC,USD,1652086800,2022-05-09T09:00:00Z,0.9943,0.9945,0.994,0.9943,2180276.91,2167533.43,direct,,CLAIM_107
terra_ust_2022,Terra UST collapse,USTC,USD,1652090400,2022-05-09T10:00:00Z,0.9943,0.9952,0.9942,0.9951,4107636.66,4085764.51,direct,,CLAIM_107
terra_ust_2022,Terra UST collapse,USTC,USD,1652094000,2022-05-09T11:00:00Z,0.9951,0.9952,0.9942,0.9943,2753991.05,2738940.11,direct,,CLAIM_107
terra_ust_2022,Terra UST collapse,USTC,USD,1652097600,2022-05-09T12:00:00Z,0.9943,0.9948,0.9942,0.9945,4028829.41,4006179.05,direct,,CLAIM_107
terra_ust_2022,Terra UST collapse,USTC,USD,1652101200,2022-05-09T13:00:00Z,0.9945,0.9945,0.9885,0.9905,10474422.29,10396064.34,direct,,CLAIM_107
terra_ust_2022,Terra UST collapse,USTC,USD,1652104800,2022-05-09T14:00:00Z,0.9905,0.9911,0.9883,0.9886,10889815.59,10777079.48,direct,,CLAIM_107
terra_ust_2022,Terra UST collapse,USTC,USD,1652108400,2022-05-09T15:00:00Z,0.9886,0.9901,0.9578,0.9853,10791607.36,10634890.42,direct,,CLAIM_107
terra_ust_2022,Terra UST collapse,USTC,USD,1652112000,2022-05-09T16:00:00Z,0.9853,0.9859,0.9764,0.9803,26036525.85,25537572.84,direct,,CLAIM_107
terra_ust_2022,Terra UST collapse,USTC,USD,1652115600,2022-05-09T17:00:00Z,0.9803,0.9812,0.9761,0.9793,25179596.78,24664062.1,direct,,CLAIM_107
terra_ust_2022,Terra UST collapse,USTC,USD,1652119200,2022-05-09T18:00:00Z,0.9793,0.9793,0.9081,0.9389,79110495.59,75153557.08,direct,,CLAIM_107
terra_ust_2022,Terra UST collapse,USTC,USD,1652122800,2022-05-09T19:00:00Z,0.9389,0.944,0.9284,0.9362,39655912.29,37209186.66,direct,,CLAIM_107
terra_ust_2022,Terra UST collapse,USTC,USD,1652126400,2022-05-09T20:00:00Z,0.9362,0.9452,0.9322,0.9324,54216710.8,50984377.28,direct,,CLAIM_107
terra_ust_2022,Terra UST collapse,USTC,USD,1652130000,2022-05-09T21:00:00Z,0.9324,0.9387,0.8718,0.8718,47023900.52,43357707.63,direct,,CLAIM_107
terra_ust_2022,Terra UST collapse,USTC,USD,1652133600,2022-05-09T22:00:00Z,0.8718,0.9248,0.8346,0.8886,107083565.2,96038874.56,direct,,CLAIM_107
terra_ust_2022,Terra UST collapse,USTC,USD,1652137200,2022-05-09T23:00:00Z,0.8886,0.8896,0.7494,0.7569,55465630.96,45772293.02,direct,,CLAIM_107
terra_ust_2022,Terra UST collapse,USTC,USD,1652140800,2022-05-10T00:00:00Z,0.7744,0.82,0.6307,0.8146,125076386.21,91778638.06,direct,,CLAIM_107
terra_ust_2022,Terra UST collapse,USTC,USD,1652144400,2022-05-10T01:00:00Z,0.8146,0.8658,0.7588,0.8137,76050561.13,61625847.69,direct,,CLAIM_107
terra_ust_2022,Terra UST collapse,USTC,USD,1652148000,2022-05-10T02:00:00Z,0.8137,0.8318,0.7828,0.7865,47628450.25,38366478.33,direct,,CLAIM_107
terra_ust_2022,Terra UST collapse,USTC,USD,1652151600,2022-05-10T03:00:00Z,0.7865,0.8049,0.7633,0.7936,49388580.43,38804396.67,direct,,CLAIM_107
terra_ust_2022,Terra UST collapse,USTC,USD,1652155200,2022-05-10T04:00:00Z,0.7936,0.8775,0.7806,0.8762,67825446.99,55695395.95,direct,,CLAIM_107
terra_ust_2022,Terra UST collapse,USTC,USD,1652158800,2022-05-10T05:00:00Z,0.8762,0.9136,0.8602,0.9097,50752554.21,44870741.68,direct,,CLAIM_107
terra_ust_2022,Terra UST collapse,USTC,USD,1652162400,2022-05-10T06:00:00Z,0.9097,0.9509,0.9097,0.9418,39155599.83,36619817.74,direct,,CLAIM_107
terra_ust_2022,Terra UST collapse,USTC,USD,1652166000,2022-05-10T07:00:00Z,0.9418,0.9421,0.8601,0.9132,30927008.73,28229906.64,direct,,CLAIM_107
terra_ust_2022,Terra UST collapse,USTC,USD,1652169600,2022-05-10T08:00:00Z,0.9132,0.9278,0.8992,0.9233,38732846.02,35455486.73,direct,,CLAIM_107
terra_ust_2022,Terra UST collapse,USTC,USD,1652173200,2022-05-10T09:00:00Z,0.9233,0.9462,0.918,0.933,24963062.47,23340725.94,direct,,CLAIM_107
terra_ust_2022,Terra UST collapse,USTC,USD,1652176800,2022-05-10T10:00:00Z,0.933,0.933,0.9168,0.928,27354765.41,25339665.49,direct,,CLAIM_107
terra_ust_2022,Terra UST collapse,USTC,USD,1652180400,2022-05-10T11:00:00Z,0.928,0.9525,0.928,0.9507,32968087.99,31203444.15,direct,,CLAIM_107
terra_ust_2022,Terra UST collapse,USTC,USD,1652184000,2022-05-10T12:00:00Z,0.9507,0.9507,0.9395,0.9467,21626354.77,20431440.24,direct,,CLAIM_107
terra_ust_2022,Terra UST collapse,USTC,USD,1652187600,2022-05-10T13:00:00Z,0.9467,0.9575,0.9467,0.9525,16363172.76,15591544.28,direct,,CLAIM_107
terra_ust_2022,Terra UST collapse,USTC,USD,1652191200,2022-05-10T14:00:00Z,0.9525,0.9525,0.9059,0.9209,25750571.35,23931010.79,direct,,CLAIM_107
terra_ust_2022,Terra UST collapse,USTC,USD,1652194800,2022-05-10T15:00:00Z,0.9209,0.9249,0.8693,0.9096,46598877.18,41842775.73,direct,,CLAIM_107
terra_ust_2022,Terra UST collapse,USTC,USD,1652198400,2022-05-10T16:00:00Z,0.9096,0.915,0.9042,0.9127,23793868.21,21649299.87,direct,,CLAIM_107
terra_ust_2022,Terra UST collapse,USTC,USD,1652202000,2022-05-10T17:00:00Z,0.9127,0.9212,0.9079,0.9208,23609318.99,21623534.62,direct,,CLAIM_107
terra_ust_2022,Terra UST collapse,USTC,USD,1652205600,2022-05-10T18:00:00Z,0.9208,0.9368,0.9208,0.9363,19063128.58,17821891.08,direct,,CLAIM_107
terra_ust_2022,Terra UST collapse,USTC,USD,1652209200,2022-05-10T19:00:00Z,0.9363,0.9363,0.8994,0.9176,31328138.54,28575890.64,direct,,CLAIM_107
terra_ust_2022,Terra UST collapse,USTC,USD,1652212800,2022-05-10T20:00:00Z,0.9176,0.9176,0.89,0.9067,24016432.87,21858240.54,direct,,CLAIM_107
terra_ust_2022,Terra UST collapse,USTC,USD,1652216400,2022-05-10T21:00:00Z,0.9067,0.9075,0.771,0.7841,83416165.18,68894507.53,direct,,CLAIM_107
terra_ust_2022,Terra UST collapse,USTC,USD,1652220000,2022-05-10T22:00:00Z,0.7841,0.819,0.6584,0.7247,121952520.01,89421685.96,direct,,CLAIM_107
terra_ust_2022,Terra UST collapse,USTC,USD,1652223600,2022-05-10T23:00:00Z,0.7247,0.8422,0.7247,0.8253,63738786.04,51420402.75,direct,,CLAIM_107
terra_ust_2022,Terra UST collapse,USTC,USD,1652227200,2022-05-11T00:00:00Z,0.8253,0.8534,0.8034,0.8128,43804598.86,36363717.6,direct,,CLAIM_107
terra_ust_2022,Terra UST collapse,USTC,USD,1652230800,2022-05-11T01:00:00Z,0.8128,0.8136,0.7834,0.7863,35743744.47,28717499.64,direct,,CLAIM_107
terra_ust_2022,Terra UST collapse,USTC,USD,1652234400,2022-05-11T02:00:00Z,0.7863,0.8525,0.7545,0.8502,45202516.96,36523337.16,direct,,CLAIM_107
terra_ust_2022,Terra UST collapse,USTC,USD,1652238000,2022-05-11T03:00:00Z,0.8502,0.8625,0.8153,0.8433,45503210.72,38014700.2,direct,,CLAIM_107
terra_ust_2022,Terra UST collapse,USTC,USD,1652241600,2022-05-11T04:00:00Z,0.8433,0.8537,0.7744,0.7842,61565421.17,50554017.37,direct,,CLAIM_107
terra_ust_2022,Terra UST collapse,USTC,USD,1652245200,2022-05-11T05:00:00Z,0.7842,0.7973,0.699,0.7084,100121328.11,74801702.54,direct,,CLAIM_107
terra_ust_2022,Terra UST collapse,USTC,USD,1652248800,2022-05-11T06:00:00Z,0.7084,0.7084,0.42,0.4971,275135368.06,163707083.26,direct,,CLAIM_107
terra_ust_2022,Terra UST collapse,USTC,USD,1652252400,2022-05-11T07:00:00Z,0.4971,0.5071,0.1994,0.3744,453236914.3,154735197.89,direct,,CLAIM_107
terra_ust_2022,Terra UST collapse,USTC,USD,1652256000,2022-05-11T08:00:00Z,0.3744,0.5445,0.3688,0.5211,167401867.91,76291873.89,direct,,CLAIM_107
terra_ust_2022,Terra UST collapse,USTC,USD,1652259600,2022-05-11T09:00:00Z,0.5211,0.5228,0.3733,0.4935,197674769.35,90786408.35,direct,,CLAIM_107
terra_ust_2022,Terra UST collapse,USTC,USD,1652263200,2022-05-11T10:00:00Z,0.4935,0.6197,0.4553,0.4914,191669168.25,98313130.54,direct,,CLAIM_107
terra_ust_2022,Terra UST collapse,USTC,USD,1652266800,2022-05-11T11:00:00Z,0.4914,0.5102,0.4159,0.4709,143576890.78,66521689.87,direct,,CLAIM_107
terra_ust_2022,Terra UST collapse,USTC,USD,1652270400,2022-05-11T12:00:00Z,0.4709,0.5184,0.3195,0.3496,225315585.86,93800015.29,direct,,CLAIM_107
terra_ust_2022,Terra UST collapse,USTC,USD,1652274000,2022-05-11T13:00:00Z,0.3496,0.5231,0.3093,0.5031,228490978.41,95288392.77,direct,,CLAIM_107
terra_ust_2022,Terra UST collapse,USTC,USD,1652277600,2022-05-11T14:00:00Z,0.5031,0.6098,0.4762,0.5335,182296224.11,97935661.87,direct,,CLAIM_107
terra_ust_2022,Terra UST collapse,USTC,USD,1652281200,2022-05-11T15:00:00Z,0.5335,0.609,0.4737,0.6012,203977135.2,111669500.11,direct,,CLAIM_107
terra_ust_2022,Terra UST collapse,USTC,USD,1652284800,2022-05-11T16:00:00Z,0.6012,0.6932,0.5756,0.6889,192651564.66,124071329.91,direct,,CLAIM_107
terra_ust_2022,Terra UST collapse,USTC,USD,1652288400,2022-05-11T17:00:00Z,0.6889,0.7315,0.603,0.7044,118350811.72,81746776.65,direct,,CLAIM_107
terra_ust_2022,Terra UST collapse,USTC,USD,1652292000,2022-05-11T18:00:00Z,0.7044,0.7326,0.6822,0.6987,103921887.95,74439032.95,direct,,CLAIM_107
terra_ust_2022,Terra UST collapse,USTC,USD,1652295600,2022-05-11T19:00:00Z,0.6987,0.7121,0.6446,0.709,139718560.34,95447423.4,direct,,CLAIM_107
terra_ust_2022,Terra UST collapse,USTC,USD,1652299200,2022-05-11T20:00:00Z,0.709,0.7479,0.7019,0.7411,105949760.71,77842265.07,direct,,CLAIM_107
terra_ust_2022,Terra UST collapse,USTC,USD,1652302800,2022-05-11T21:00:00Z,0.7411,0.8068,0.7316,0.7886,115355248.36,87921043.09,direct,,CLAIM_107
terra_ust_2022,Terra UST collapse,USTC,USD,1652306400,2022-05-11T22:00:00Z,0.7886,0.812,0.7418,0.7877,87140283.51,68789071.08,direct,,CLAIM_107
terra_ust_2022,Terra UST collapse,USTC,USD,1652310000,2022-05-11T23:00:00Z,0.7877,0.8321,0.7877,0.8145,76423604.97,62381932.26,direct,,CLAIM_107
terra_ust_2022,Terra UST collapse,USTC,USD,1652313600,2022-05-12T00:00:00Z,0.7881,0.8323,0.7756,0.8311,53407240.32,42943804.08,direct,,CLAIM_107
terra_ust_2022,Terra UST collapse,USTC,USD,1652317200,2022-05-12T01:00:00Z,0.8311,0.8459,0.7226,0.7466,81402957,64558838.46,direct,,CLAIM_107
terra_ust_2022,Terra UST collapse,USTC,USD,1652320800,2022-05-12T02:00:00Z,0.7466,0.7758,0.6327,0.6445,132274310.28,94665851.25,direct,,CLAIM_107
terra_ust_2022,Terra UST collapse,USTC,USD,1652324400,2022-05-12T03:00:00Z,0.6445,0.7429,0.576,0.7155,123978117.92,82116758.71,direct,,CLAIM_107
terra_ust_2022,Terra UST collapse,USTC,USD,1652328000,2022-05-12T04:00:00Z,0.7155,0.7247,0.5932,0.6716,62188129.18,42931196.53,direct,,CLAIM_107
terra_ust_2022,Terra UST collapse,USTC,USD,1652331600,2022-05-12T05:00:00Z,0.6716,0.723,0.5011,0.5636,97113914.59,60891905.75,direct,,CLAIM_107
terra_ust_2022,Terra UST collapse,USTC,USD,1652335200,2022-05-12T06:00:00Z,0.5636,0.6088,0.5266,0.5412,83405985.17,47901849.53,direct,,CLAIM_107
terra_ust_2022,Terra UST collapse,USTC,USD,1652338800,2022-05-12T07:00:00Z,0.5412,0.6424,0.4549,0.6235,90243255.99,48329174.91,direct,,CLAIM_107
terra_ust_2022,Terra UST collapse,USTC,USD,1652342400,2022-05-12T08:00:00Z,0.6235,0.6748,0.5441,0.612,64827837.64,39827493.19,direct,,CLAIM_107
terra_ust_2022,Terra UST collapse,USTC,USD,1652346000,2022-05-12T09:00:00Z,0.612,0.6125,0.3845,0.3953,90918602.37,45697357.62,direct,,CLAIM_107
terra_ust_2022,Terra UST collapse,USTC,USD,1652349600,2022-05-12T10:00:00Z,0.3953,0.5028,0.3425,0.4391,74268156.44,29990159.94,direct,,CLAIM_107
terra_ust_2022,Terra UST collapse,USTC,USD,1652353200,2022-05-12T11:00:00Z,0.4391,0.5704,0.4285,0.5685,43579644.13,21665995.2,direct,,CLAIM_107
terra_ust_2022,Terra UST collapse,USTC,USD,1652356800,2022-05-12T12:00:00Z,0.5685,0.6275,0.5153,0.6261,36750250.22,21747543.01,direct,,CLAIM_107
terra_ust_2022,Terra UST collapse,USTC,USD,1652360400,2022-05-12T13:00:00Z,0.6261,0.6396,0.5584,0.5914,43007141.45,26078012.29,direct,,CLAIM_107
terra_ust_2022,Terra UST collapse,USTC,USD,1652364000,2022-05-12T14:00:00Z,0.5914,0.5952,0.3609,0.444,71884020.56,33220219.89,direct,,CLAIM_107
terra_ust_2022,Terra UST collapse,USTC,USD,1652367600,2022-05-12T15:00:00Z,0.444,0.4484,0.3551,0.3838,62652467.84,24858221.02,direct,,CLAIM_107
terra_ust_2022,Terra UST collapse,USTC,USD,1652371200,2022-05-12T16:00:00Z,0.3838,0.3896,0.2391,0.3369,134255882.08,42137655.87,direct,,CLAIM_107
terra_ust_2022,Terra UST collapse,USTC,USD,1652374800,2022-05-12T17:00:00Z,0.3369,0.3836,0.2782,0.3741,46601951.23,16251715.13,direct,,CLAIM_107
terra_ust_2022,Terra UST collapse,USTC,USD,1652378400,2022-05-12T18:00:00Z,0.3741,0.4338,0.3376,0.3442,37588130.66,14136610.16,direct,,CLAIM_107
terra_ust_2022,Terra UST collapse,USTC,USD,1652382000,2022-05-12T19:00:00Z,0.3442,0.3554,0.2874,0.3549,50523641.53,16199281.47,direct,,CLAIM_107
terra_ust_2022,Terra UST collapse,USTC,USD,1652385600,2022-05-12T20:00:00Z,0.3549,0.4372,0.3515,0.4205,53067639.71,20754038.38,direct,,CLAIM_107
terra_ust_2022,Terra UST collapse,USTC,USD,1652389200,2022-05-12T21:00:00Z,0.4205,0.5133,0.3834,0.4609,105017635.17,49649908.81,direct,,CLAIM_107
terra_ust_2022,Terra UST collapse,USTC,USD,1652392800,2022-05-12T22:00:00Z,0.4609,0.5045,0.4245,0.4759,66027366.23,30723321.97,direct,,CLAIM_107
terra_ust_2022,Terra UST collapse,USTC,USD,1652396400,2022-05-12T23:00:00Z,0.4759,0.4783,0.3606,0.378,42116071.55,17284805.35,direct,,CLAIM_107
terra_ust_2022,Terra UST collapse,USTC,USD,1652400000,2022-05-13T00:00:00Z,0.378,0.3965,0.1844,0.2164,106538122.51,29423067.92,direct,,CLAIM_107
terra_ust_2022,Terra UST collapse,USTC,USD,1652403600,2022-05-13T01:00:00Z,0.2164,0.23,0.04375,0.09372,263717093.06,23312896.07,direct,,CLAIM_107
terra_ust_2022,Terra UST collapse,USTC,USD,1652407200,2022-05-13T02:00:00Z,0.09372,0.1511,0.05334,0.09225,160898500.9,15025875.95,direct,,CLAIM_107
terra_ust_2022,Terra UST collapse,USTC,USD,1652410800,2022-05-13T03:00:00Z,0.09225,0.1232,0.08137,0.1188,42515714.83,4547570.19,direct,,CLAIM_107
terra_ust_2022,Terra UST collapse,USTC,USD,1652414400,2022-05-13T04:00:00Z,0.1188,0.1232,0.0867,0.09469,49122536.56,5155535.79,direct,,CLAIM_107
terra_ust_2022,Terra UST collapse,USTC,USD,1652418000,2022-05-13T05:00:00Z,0.09469,0.1066,0.08877,0.1027,25132469.43,2641350.59,direct,,CLAIM_107
terra_ust_2022,Terra UST collapse,USTC,USD,1652421600,2022-05-13T06:00:00Z,0.1027,0.1824,0.1018,0.1221,57125134.44,7883846.97,direct,,CLAIM_107
terra_ust_2022,Terra UST collapse,USTC,USD,1652425200,2022-05-13T07:00:00Z,0.1221,0.1473,0.09428,0.101,27289657.8,3207437.12,direct,,CLAIM_107
terra_ust_2022,Terra UST collapse,USTC,USD,1652428800,2022-05-13T08:00:00Z,0.101,0.1293,0.06563,0.09924,61713731.63,5487985.89,direct,,CLAIM_107
terra_ust_2022,Terra UST collapse,USTC,USD,1652432400,2022-05-13T09:00:00Z,0.09924,0.1167,0.09214,0.1137,43840002.09,4437904.97,direct,,CLAIM_107
terra_ust_2022,Terra UST collapse,USTC,USD,1652436000,2022-05-13T10:00:00Z,0.1137,0.1137,0.08216,0.08716,28488284.22,2700766.32,direct,,CLAIM_107
terra_ust_2022,Terra UST collapse,USTC,USD,1652439600,2022-05-13T11:00:00Z,0.08716,0.09941,0.07596,0.09455,31780050,2804851.8,direct,,CLAIM_107
terra_ust_2022,Terra UST collapse,USTC,USD,1652443200,2022-05-13T12:00:00Z,0.09455,0.1045,0.08147,0.0877,31050523.85,2924203.16,direct,,CLAIM_107
terra_ust_2022,Terra UST collapse,USTC,USD,1652446800,2022-05-13T13:00:00Z,0.0877,0.1043,0.08357,0.1007,16933200.64,1594354.23,direct,,CLAIM_107
terra_ust_2022,Terra UST collapse,USTC,USD,1652450400,2022-05-13T14:00:00Z,0.1007,0.1356,0.09637,0.1193,56050350.31,6484523.25,direct,,CLAIM_107
terra_ust_2022,Terra UST collapse,USTC,USD,1652454000,2022-05-13T15:00:00Z,0.1193,0.1251,0.08235,0.09133,40817176.21,4382140.55,direct,,CLAIM_107
terra_ust_2022,Terra UST collapse,USTC,USD,1652457600,2022-05-13T16:00:00Z,0.09133,0.1117,0.09035,0.09447,30939471.36,3245775.26,direct,,CLAIM_107
terra_ust_2022,Terra UST collapse,USTC,USD,1652461200,2022-05-13T17:00:00Z,0.09447,0.186,0.09199,0.1399,128503927.78,18577872.83,direct,,CLAIM_107
terra_ust_2022,Terra UST collapse,USTC,USD,1652464800,2022-05-13T18:00:00Z,0.1399,0.1558,0.1268,0.1434,40240036.13,5793427.9,direct,,CLAIM_107
terra_ust_2022,Terra UST collapse,USTC,USD,1652468400,2022-05-13T19:00:00Z,0.1434,0.1532,0.1316,0.1326,27034801.06,3813670.91,direct,,CLAIM_107
terra_ust_2022,Terra UST collapse,USTC,USD,1652472000,2022-05-13T20:00:00Z,0.1326,0.1537,0.1037,0.1215,53133101.28,6344632.07,direct,,CLAIM_107
terra_ust_2022,Terra UST collapse,USTC,USD,1652475600,2022-05-13T21:00:00Z,0.1215,0.14,0.1205,0.1375,36448783.03,4719544.85,direct,,CLAIM_107
terra_ust_2022,Terra UST collapse,USTC,USD,1652479200,2022-05-13T22:00:00Z,0.1375,0.1434,0.1142,0.1284,47885524.32,6042746.31,direct,,CLAIM_107
terra_ust_2022,Terra UST collapse,USTC,USD,1652482800,2022-05-13T23:00:00Z,0.1284,0.1369,0.1186,0.1282,32743631.22,4159816.6,direct,,CLAIM_107
terra_ust_2022,Terra UST collapse,USTC,USD,1652486400,2022-05-14T00:00:00Z,0.1282,0.1483,0.1191,0.1277,38899763.41,4994266.11,direct,,CLAIM_107
terra_ust_2022,Terra UST collapse,USTC,USD,1652490000,2022-05-14T01:00:00Z,0.1277,0.1468,0.1259,0.1407,46575686.56,6331120.42,direct,,CLAIM_107
terra_ust_2022,Terra UST collapse,USTC,USD,1652493600,2022-05-14T02:00:00Z,0.1407,0.1651,0.1358,0.1499,57999535.07,8829579.29,direct,,CLAIM_107
terra_ust_2022,Terra UST collapse,USTC,USD,1652497200,2022-05-14T03:00:00Z,0.1499,0.1688,0.1498,0.1562,29600471.95,4718861.18,direct,,CLAIM_107
terra_ust_2022,Terra UST collapse,USTC,USD,1652500800,2022-05-14T04:00:00Z,0.1562,0.1585,0.1361,0.1407,30229396.55,4466918.96,direct,,CLAIM_107
terra_ust_2022,Terra UST collapse,USTC,USD,1652504400,2022-05-14T05:00:00Z,0.1407,0.1525,0.1381,0.1524,21075179.32,3116436.48,direct,,CLAIM_107
terra_ust_2022,Terra UST collapse,USTC,USD,1652508000,2022-05-14T06:00:00Z,0.1524,0.1568,0.1427,0.1473,21081139.43,3138499.05,direct,,CLAIM_107
terra_ust_2022,Terra UST collapse,USTC,USD,1652511600,2022-05-14T07:00:00Z,0.1473,0.1555,0.1438,0.1521,18538974,2799085.51,direct,,CLAIM_107
terra_ust_2022,Terra UST collapse,USTC,USD,1652515200,2022-05-14T08:00:00Z,0.1521,0.1781,0.1499,0.1748,39788683.92,6606249.86,direct,,CLAIM_107
terra_ust_2022,Terra UST collapse,USTC,USD,1652518800,2022-05-14T09:00:00Z,0.1748,0.2294,0.1667,0.2095,73441735.67,14418030.49,direct,,CLAIM_107
terra_ust_2022,Terra UST collapse,USTC,USD,1652522400,2022-05-14T10:00:00Z,0.2095,0.2198,0.1888,0.1994,65238594.23,13412066.31,direct,,CLAIM_107
terra_ust_2022,Terra UST collapse,USTC,USD,1652526000,2022-05-14T11:00:00Z,0.1994,0.2058,0.1444,0.1638,59486757.28,10069699.52,direct,,CLAIM_107
terra_ust_2022,Terra UST collapse,USTC,USD,1652529600,2022-05-14T12:00:00Z,0.1638,0.1744,0.1391,0.1512,57672361.68,8814990.87,direct,,CLAIM_107
terra_ust_2022,Terra UST collapse,USTC,USD,1652533200,2022-05-14T13:00:00Z,0.1512,0.1597,0.1427,0.1474,28039837.25,4253201.52,direct,,CLAIM_107
terra_ust_2022,Terra UST collapse,USTC,USD,1652536800,2022-05-14T14:00:00Z,0.1474,0.1723,0.146,0.1674,29559389.87,4678070.94,direct,,CLAIM_107
terra_ust_2022,Terra UST collapse,USTC,USD,1652540400,2022-05-14T15:00:00Z,0.1674,0.1676,0.1559,0.1611,12178531.51,1968958.29,direct,,CLAIM_107
terra_ust_2022,Terra UST collapse,USTC,USD,1652544000,2022-05-14T16:00:00Z,0.1611,0.1788,0.1551,0.1646,15980346.06,2701274.52,direct,,CLAIM_107
terra_ust_2022,Terra UST collapse,USTC,USD,1652547600,2022-05-14T17:00:00Z,0.1646,0.1696,0.1587,0.1603,8577934.06,1395296.51,direct,,CLAIM_107
terra_ust_2022,Terra UST collapse,USTC,USD,1652551200,2022-05-14T18:00:00Z,0.1603,0.1639,0.1517,0.1601,13049811.38,2046766.63,direct,,CLAIM_107
terra_ust_2022,Terra UST collapse,USTC,USD,1652554800,2022-05-14T19:00:00Z,0.1601,0.1649,0.1577,0.1611,10973238.91,1760520.07,direct,,CLAIM_107
terra_ust_2022,Terra UST collapse,USTC,USD,1652558400,2022-05-14T20:00:00Z,0.1611,0.1695,0.1601,0.1644,10356863.03,1709275.4,direct,,CLAIM_107
terra_ust_2022,Terra UST collapse,USTC,USD,1652562000,2022-05-14T21:00:00Z,0.1644,0.171,0.163,0.1706,7893651.76,1323011.84,direct,,CLAIM_107
terra_ust_2022,Terra UST collapse,USTC,USD,1652565600,2022-05-14T22:00:00Z,0.1706,0.189,0.17,0.1857,12538917.93,2269378.24,direct,,CLAIM_107
terra_ust_2022,Terra UST collapse,USTC,USD,1652569200,2022-05-14T23:00:00Z,0.1857,0.1859,0.1707,0.1833,11177834.64,2011812.04,direct,,CLAIM_107
terra_ust_2022,Terra UST collapse,USTC,USD,1652572800,2022-05-15T00:00:00Z,0.1833,0.2026,0.1734,0.1993,15298020.46,2875612.15,direct,,CLAIM_107
iron_finance_iron_2021,Iron Finance IRON depeg,IRON,USD,1623715200,2021-06-15T00:00:00Z,0,0,0,0,0,0,multiply,BTC,CLAIM_111
iron_finance_iron_2021,Iron Finance IRON depeg,IRON,USD,1623718800,2021-06-15T01:00:00Z,0,0,0,0,0,0,multiply,BTC,CLAIM_111
iron_finance_iron_2021,Iron Finance IRON depeg,IRON,USD,1623722400,2021-06-15T02:00:00Z,0,0,0,0,0,0,multiply,BTC,CLAIM_111
iron_finance_iron_2021,Iron Finance IRON depeg,IRON,USD,1623726000,2021-06-15T03:00:00Z,0,0,0,0,0,0,multiply,BTC,CLAIM_111
iron_finance_iron_2021,Iron Finance IRON depeg,IRON,USD,1623729600,2021-06-15T04:00:00Z,0,0,0,0,0,0,multiply,BTC,CLAIM_111
iron_finance_iron_2021,Iron Finance IRON depeg,IRON,USD,1623733200,2021-06-15T05:00:00Z,0,0,0,0,0,0,multiply,BTC,CLAIM_111
iron_finance_iron_2021,Iron Finance IRON depeg,IRON,USD,1623736800,2021-06-15T06:00:00Z,0,0,0,0,0,0,multiply,BTC,CLAIM_111
iron_finance_iron_2021,Iron Finance IRON depeg,IRON,USD,1623740400,2021-06-15T07:00:00Z,0,0,0,0,0,0,multiply,BTC,CLAIM_111
iron_finance_iron_2021,Iron Finance IRON depeg,IRON,USD,1623744000,2021-06-15T08:00:00Z,0,0,0,0,0,0,multiply,BTC,CLAIM_111
iron_finance_iron_2021,Iron Finance IRON depeg,IRON,USD,1623747600,2021-06-15T09:00:00Z,0,0,0,0,0,0,multiply,BTC,CLAIM_111
iron_finance_iron_2021,Iron Finance IRON depeg,IRON,USD,1623751200,2021-06-15T10:00:00Z,0,0,0,0,0,0,multiply,BTC,CLAIM_111
iron_finance_iron_2021,Iron Finance IRON depeg,IRON,USD,1623754800,2021-06-15T11:00:00Z,0,0,0,0,0,0,multiply,BTC,CLAIM_111
iron_finance_iron_2021,Iron Finance IRON depeg,IRON,USD,1623758400,2021-06-15T12:00:00Z,0,0,0,0,0,0,multiply,BTC,CLAIM_111
iron_finance_iron_2021,Iron Finance IRON depeg,IRON,USD,1623762000,2021-06-15T13:00:00Z,0,0,0,0,0,0,multiply,BTC,CLAIM_111
iron_finance_iron_2021,Iron Finance IRON depeg,IRON,USD,1623765600,2021-06-15T14:00:00Z,0,0,0,0,0,0,multiply,BTC,CLAIM_111
iron_finance_iron_2021,Iron Finance IRON depeg,IRON,USD,1623769200,2021-06-15T15:00:00Z,0,0,0,0,0,0,multiply,BTC,CLAIM_111
iron_finance_iron_2021,Iron Finance IRON depeg,IRON,USD,1623772800,2021-06-15T16:00:00Z,0,0,0,0,0,0,multiply,BTC,CLAIM_111
iron_finance_iron_2021,Iron Finance IRON depeg,IRON,USD,1623776400,2021-06-15T17:00:00Z,0,0,0,0,0,0,multiply,BTC,CLAIM_111
iron_finance_iron_2021,Iron Finance IRON depeg,IRON,USD,1623780000,2021-06-15T18:00:00Z,0,0,0,0,0,0,multiply,BTC,CLAIM_111
iron_finance_iron_2021,Iron Finance IRON depeg,IRON,USD,1623783600,2021-06-15T19:00:00Z,0,0,0,0,0,0,multiply,BTC,CLAIM_111
iron_finance_iron_2021,Iron Finance IRON depeg,IRON,USD,1623787200,2021-06-15T20:00:00Z,0,0,0,0,0,0,multiply,BTC,CLAIM_111
iron_finance_iron_2021,Iron Finance IRON depeg,IRON,USD,1623790800,2021-06-15T21:00:00Z,0,0,0,0,0,0,multiply,BTC,CLAIM_111
iron_finance_iron_2021,Iron Finance IRON depeg,IRON,USD,1623794400,2021-06-15T22:00:00Z,0,0,0,0,0,0,multiply,BTC,CLAIM_111
iron_finance_iron_2021,Iron Finance IRON depeg,IRON,USD,1623798000,2021-06-15T23:00:00Z,0,0,0,0,0,0,multiply,BTC,CLAIM_111
iron_finance_iron_2021,Iron Finance IRON depeg,IRON,USD,1623801600,2021-06-16T00:00:00Z,0,0,0,0,0,0,multiply,BTC,CLAIM_111
iron_finance_iron_2021,Iron Finance IRON depeg,IRON,USD,1623805200,2021-06-16T01:00:00Z,0,0,0,0,0,0,multiply,BTC,CLAIM_111
iron_finance_iron_2021,Iron Finance IRON depeg,IRON,USD,1623808800,2021-06-16T02:00:00Z,0,0,0,0,0,0,multiply,BTC,CLAIM_111
iron_finance_iron_2021,Iron Finance IRON depeg,IRON,USD,1623812400,2021-06-16T03:00:00Z,0,0,0,0,0,0,multiply,BTC,CLAIM_111
iron_finance_iron_2021,Iron Finance IRON depeg,IRON,USD,1623816000,2021-06-16T04:00:00Z,0,0,0,0,0,0,multiply,BTC,CLAIM_111
iron_finance_iron_2021,Iron Finance IRON depeg,IRON,USD,1623819600,2021-06-16T05:00:00Z,0,0,0,0,0,0,multiply,BTC,CLAIM_111
iron_finance_iron_2021,Iron Finance IRON depeg,IRON,USD,1623823200,2021-06-16T06:00:00Z,0,0,0,0,0,0,multiply,BTC,CLAIM_111
iron_finance_iron_2021,Iron Finance IRON depeg,IRON,USD,1623826800,2021-06-16T07:00:00Z,0,0,0,0,0,0,multiply,BTC,CLAIM_111
iron_finance_iron_2021,Iron Finance IRON depeg,IRON,USD,1623830400,2021-06-16T08:00:00Z,0,0,0,0,0,0,multiply,BTC,CLAIM_111
iron_finance_iron_2021,Iron Finance IRON depeg,IRON,USD,1623834000,2021-06-16T09:00:00Z,0,0,0,0,0,0,multiply,BTC,CLAIM_111
iron_finance_iron_2021,Iron Finance IRON depeg,IRON,USD,1623837600,2021-06-16T10:00:00Z,0,0,0,0,0,0,multiply,BTC,CLAIM_111
iron_finance_iron_2021,Iron Finance IRON depeg,IRON,USD,1623841200,2021-06-16T11:00:00Z,0,0,0,0,0,0,multiply,BTC,CLAIM_111
iron_finance_iron_2021,Iron Finance IRON depeg,IRON,USD,1623844800,2021-06-16T12:00:00Z,0,0,0,0,0,0,multiply,BTC,CLAIM_111
iron_finance_iron_2021,Iron Finance IRON depeg,IRON,USD,1623848400,2021-06-16T13:00:00Z,0,0,0,0,0,0,multiply,BTC,CLAIM_111
iron_finance_iron_2021,Iron Finance IRON depeg,IRON,USD,1623852000,2021-06-16T14:00:00Z,0,0,0,0,0,0,multiply,BTC,CLAIM_111
iron_finance_iron_2021,Iron Finance IRON depeg,IRON,USD,1623855600,2021-06-16T15:00:00Z,0,0,0,0,0,0,multiply,BTC,CLAIM_111
iron_finance_iron_2021,Iron Finance IRON depeg,IRON,USD,1623859200,2021-06-16T16:00:00Z,0,0,0,0,0,0,multiply,BTC,CLAIM_111
iron_finance_iron_2021,Iron Finance IRON depeg,IRON,USD,1623862800,2021-06-16T17:00:00Z,0,0,0,0,0,0,multiply,BTC,CLAIM_111
iron_finance_iron_2021,Iron Finance IRON depeg,IRON,USD,1623866400,2021-06-16T18:00:00Z,0,0,0,0,0,0,multiply,BTC,CLAIM_111
iron_finance_iron_2021,Iron Finance IRON depeg,IRON,USD,1623870000,2021-06-16T19:00:00Z,0,0,0,0,0,0,multiply,BTC,CLAIM_111
iron_finance_iron_2021,Iron Finance IRON depeg,IRON,USD,1623873600,2021-06-16T20:00:00Z,0,0,0,0,0,0,multiply,BTC,CLAIM_111
iron_finance_iron_2021,Iron Finance IRON depeg,IRON,USD,1623877200,2021-06-16T21:00:00Z,0,0,0,0,0,0,multiply,BTC,CLAIM_111
iron_finance_iron_2021,Iron Finance IRON depeg,IRON,USD,1623880800,2021-06-16T22:00:00Z,0,0,0,0,0,0,multiply,BTC,CLAIM_111
iron_finance_iron_2021,Iron Finance IRON depeg,IRON,USD,1623884400,2021-06-16T23:00:00Z,0,0,0,0,0,0,multiply,BTC,CLAIM_111
iron_finance_iron_2021,Iron Finance IRON depeg,IRON,USD,1623888000,2021-06-17T00:00:00Z,0,0,0,0,0,0,multiply,BTC,CLAIM_111
iron_finance_iron_2021,Iron Finance IRON depeg,IRON,USD,1623891600,2021-06-17T01:00:00Z,0,0,0,0,0,0,multiply,BTC,CLAIM_111
iron_finance_iron_2021,Iron Finance IRON depeg,IRON,USD,1623895200,2021-06-17T02:00:00Z,0,0,0,0,0,0,multiply,BTC,CLAIM_111
iron_finance_iron_2021,Iron Finance IRON depeg,IRON,USD,1623898800,2021-06-17T03:00:00Z,0,0,0,0,0,0,multiply,BTC,CLAIM_111
iron_finance_iron_2021,Iron Finance IRON depeg,IRON,USD,1623902400,2021-06-17T04:00:00Z,0,0,0,0,0,0,multiply,BTC,CLAIM_111
iron_finance_iron_2021,Iron Finance IRON depeg,IRON,USD,1623906000,2021-06-17T05:00:00Z,0,0,0,0,0,0,multiply,BTC,CLAIM_111
iron_finance_iron_2021,Iron Finance IRON depeg,IRON,USD,1623909600,2021-06-17T06:00:00Z,0,0,0,0,0,0,multiply,BTC,CLAIM_111
iron_finance_iron_2021,Iron Finance IRON depeg,IRON,USD,1623913200,2021-06-17T07:00:00Z,0,0,0,0,0,0,multiply,BTC,CLAIM_111
iron_finance_iron_2021,Iron Finance IRON depeg,IRON,USD,1623916800,2021-06-17T08:00:00Z,0,0,0,0,0,0,multiply,BTC,CLAIM_111
iron_finance_iron_2021,Iron Finance IRON depeg,IRON,USD,1623920400,2021-06-17T09:00:00Z,0,0,0,0,0,0,multiply,BTC,CLAIM_111
iron_finance_iron_2021,Iron Finance IRON depeg,IRON,USD,1623924000,2021-06-17T10:00:00Z,0,0,0,0,0,0,multiply,BTC,CLAIM_111
iron_finance_iron_2021,Iron Finance IRON depeg,IRON,USD,1623927600,2021-06-17T11:00:00Z,0,0,0,0,0,0,multiply,BTC,CLAIM_111
iron_finance_iron_2021,Iron Finance IRON depeg,IRON,USD,1623931200,2021-06-17T12:00:00Z,0,0,0,0,0,0,multiply,BTC,CLAIM_111
iron_finance_iron_2021,Iron Finance IRON depeg,IRON,USD,1623934800,2021-06-17T13:00:00Z,0,0,0,0,0,0,multiply,BTC,CLAIM_111
iron_finance_iron_2021,Iron Finance IRON depeg,IRON,USD,1623938400,2021-06-17T14:00:00Z,0,0,0,0,0,0,multiply,BTC,CLAIM_111
iron_finance_iron_2021,Iron Finance IRON depeg,IRON,USD,1623942000,2021-06-17T15:00:00Z,0,0,0,0,0,0,multiply,BTC,CLAIM_111
iron_finance_iron_2021,Iron Finance IRON depeg,IRON,USD,1623945600,2021-06-17T16:00:00Z,0,0,0,0,0,0,multiply,BTC,CLAIM_111
iron_finance_iron_2021,Iron Finance IRON depeg,IRON,USD,1623949200,2021-06-17T17:00:00Z,0,0,0,0,0,0,multiply,BTC,CLAIM_111
iron_finance_iron_2021,Iron Finance IRON depeg,IRON,USD,1623952800,2021-06-17T18:00:00Z,0,0,0,0,0,0,multiply,BTC,CLAIM_111
iron_finance_iron_2021,Iron Finance IRON depeg,IRON,USD,1623956400,2021-06-17T19:00:00Z,0,0,0,0,0,0,multiply,BTC,CLAIM_111
iron_finance_iron_2021,Iron Finance IRON depeg,IRON,USD,1623960000,2021-06-17T20:00:00Z,0,0,0,0,0,0,multiply,BTC,CLAIM_111
iron_finance_iron_2021,Iron Finance IRON depeg,IRON,USD,1623963600,2021-06-17T21:00:00Z,0,0,0,0,0,0,multiply,BTC,CLAIM_111
iron_finance_iron_2021,Iron Finance IRON depeg,IRON,USD,1623967200,2021-06-17T22:00:00Z,0,0,0,0,0,0,multiply,BTC,CLAIM_111
iron_finance_iron_2021,Iron Finance IRON depeg,IRON,USD,1623970800,2021-06-17T23:00:00Z,0,0,0,0,0,0,multiply,BTC,CLAIM_111
iron_finance_iron_2021,Iron Finance IRON depeg,IRON,USD,1623974400,2021-06-18T00:00:00Z,0,0,0,0,0,0,multiply,BTC,CLAIM_111
iron_finance_iron_2021,Iron Finance IRON depeg,IRON,USD,1623978000,2021-06-18T01:00:00Z,0,0,0,0,0,0,multiply,BTC,CLAIM_111
iron_finance_iron_2021,Iron Finance IRON depeg,IRON,USD,1623981600,2021-06-18T02:00:00Z,0,0,0,0,0,0,multiply,BTC,CLAIM_111
iron_finance_iron_2021,Iron Finance IRON depeg,IRON,USD,1623985200,2021-06-18T03:00:00Z,0,0,0,0,0,0,multiply,BTC,CLAIM_111
iron_finance_iron_2021,Iron Finance IRON depeg,IRON,USD,1623988800,2021-06-18T04:00:00Z,0,0,0,0,0,0,multiply,BTC,CLAIM_111
iron_finance_iron_2021,Iron Finance IRON depeg,IRON,USD,1623992400,2021-06-18T05:00:00Z,0,0,0,0,0,0,multiply,BTC,CLAIM_111
iron_finance_iron_2021,Iron Finance IRON depeg,IRON,USD,1623996000,2021-06-18T06:00:00Z,0,0,0,0,0,0,multiply,BTC,CLAIM_111
iron_finance_iron_2021,Iron Finance IRON depeg,IRON,USD,1623999600,2021-06-18T07:00:00Z,0,0,0,0,0,0,multiply,BTC,CLAIM_111
iron_finance_iron_2021,Iron Finance IRON depeg,IRON,USD,1624003200,2021-06-18T08:00:00Z,0,0,0,0,0,0,multiply,BTC,CLAIM_111
iron_finance_iron_2021,Iron Finance IRON depeg,IRON,USD,1624006800,2021-06-18T09:00:00Z,0,0,0,0,0,0,multiply,BTC,CLAIM_111
iron_finance_iron_2021,Iron Finance IRON depeg,IRON,USD,1624010400,2021-06-18T10:00:00Z,0,0,0,0,0,0,multiply,BTC,CLAIM_111
iron_finance_iron_2021,Iron Finance IRON depeg,IRON,USD,1624014000,2021-06-18T11:00:00Z,0,0,0,0,0,0,multiply,BTC,CLAIM_111
iron_finance_iron_2021,Iron Finance IRON depeg,IRON,USD,1624017600,2021-06-18T12:00:00Z,0,0,0,0,0,0,multiply,BTC,CLAIM_111
iron_finance_iron_2021,Iron Finance IRON depeg,IRON,USD,1624021200,2021-06-18T13:00:00Z,0,0,0,0,0,0,multiply,BTC,CLAIM_111
iron_finance_iron_2021,Iron Finance IRON depeg,IRON,USD,1624024800,2021-06-18T14:00:00Z,0,0,0,0,0,0,multiply,BTC,CLAIM_111
iron_finance_iron_2021,Iron Finance IRON depeg,IRON,USD,1624028400,2021-06-18T15:00:00Z,0,0,0,0,0,0,multiply,BTC,CLAIM_111
iron_finance_iron_2021,Iron Finance IRON depeg,IRON,USD,1624032000,2021-06-18T16:00:00Z,0,0,0,0,0,0,multiply,BTC,CLAIM_111
iron_finance_iron_2021,Iron Finance IRON depeg,IRON,USD,1624035600,2021-06-18T17:00:00Z,0,0,0,0,0,0,multiply,BTC,CLAIM_111
iron_finance_iron_2021,Iron Finance IRON depeg,IRON,USD,1624039200,2021-06-18T18:00:00Z,0,0,0,0,0,0,multiply,BTC,CLAIM_111
iron_finance_iron_2021,Iron Finance IRON depeg,IRON,USD,1624042800,2021-06-18T19:00:00Z,0,0,0,0,0,0,multiply,BTC,CLAIM_111
iron_finance_iron_2021,Iron Finance IRON depeg,IRON,USD,1624046400,2021-06-18T20:00:00Z,0,0,0,0,0,0,multiply,BTC,CLAIM_111
iron_finance_iron_2021,Iron Finance IRON depeg,IRON,USD,1624050000,2021-06-18T21:00:00Z,0,0,0,0,0,0,multiply,BTC,CLAIM_111
iron_finance_iron_2021,Iron Finance IRON depeg,IRON,USD,1624053600,2021-06-18T22:00:00Z,0,0,0,0,0,0,multiply,BTC,CLAIM_111
iron_finance_iron_2021,Iron Finance IRON depeg,IRON,USD,1624057200,2021-06-18T23:00:00Z,0,0,0,0,0,0,multiply,BTC,CLAIM_111
iron_finance_iron_2021,Iron Finance IRON depeg,IRON,USD,1624060800,2021-06-19T00:00:00Z,0,0,0,0,0,0,multiply,BTC,CLAIM_111
iron_finance_iron_2021,Iron Finance IRON depeg,IRON,USD,1624064400,2021-06-19T01:00:00Z,0,0,0,0,0,0,multiply,BTC,CLAIM_111
iron_finance_iron_2021,Iron Finance IRON depeg,IRON,USD,1624068000,2021-06-19T02:00:00Z,0,0,0,0,0,0,multiply,BTC,CLAIM_111
iron_finance_iron_2021,Iron Finance IRON depeg,IRON,USD,1624071600,2021-06-19T03:00:00Z,0,0,0,0,0,0,multiply,BTC,CLAIM_111
iron_finance_iron_2021,Iron Finance IRON depeg,IRON,USD,1624075200,2021-06-19T04:00:00Z,0,0,0,0,0,0,multiply,BTC,CLAIM_111
iron_finance_iron_2021,Iron Finance IRON depeg,IRON,USD,1624078800,2021-06-19T05:00:00Z,0,0,0,0,0,0,multiply,BTC,CLAIM_111
iron_finance_iron_2021,Iron Finance IRON depeg,IRON,USD,1624082400,2021-06-19T06:00:00Z,0,0,0,0,0,0,multiply,BTC,CLAIM_111
iron_finance_iron_2021,Iron Finance IRON depeg,IRON,USD,1624086000,2021-06-19T07:00:00Z,0,0,0,0,0,0,multiply,BTC,CLAIM_111
iron_finance_iron_2021,Iron Finance IRON depeg,IRON,USD,1624089600,2021-06-19T08:00:00Z,0,0,0,0,0,0,multiply,BTC,CLAIM_111
iron_finance_iron_2021,Iron Finance IRON depeg,IRON,USD,1624093200,2021-06-19T09:00:00Z,0,0,0,0,0,0,multiply,BTC,CLAIM_111
iron_finance_iron_2021,Iron Finance IRON depeg,IRON,USD,1624096800,2021-06-19T10:00:00Z,0,0,0,0,0,0,multiply,BTC,CLAIM_111
iron_finance_iron_2021,Iron Finance IRON depeg,IRON,USD,1624100400,2021-06-19T11:00:00Z,0,0,0,0,0,0,multiply,BTC,CLAIM_111
iron_finance_iron_2021,Iron Finance IRON depeg,IRON,USD,1624104000,2021-06-19T12:00:00Z,0,0,0,0,0,0,multiply,BTC,CLAIM_111
iron_finance_iron_2021,Iron Finance IRON depeg,IRON,USD,1624107600,2021-06-19T13:00:00Z,0,0,0,0,0,0,multiply,BTC,CLAIM_111
iron_finance_iron_2021,Iron Finance IRON depeg,IRON,USD,1624111200,2021-06-19T14:00:00Z,0,0,0,0,0,0,multiply,BTC,CLAIM_111
iron_finance_iron_2021,Iron Finance IRON depeg,IRON,USD,1624114800,2021-06-19T15:00:00Z,0,0,0,0,0,0,multiply,BTC,CLAIM_111
iron_finance_iron_2021,Iron Finance IRON depeg,IRON,USD,1624118400,2021-06-19T16:00:00Z,0,0,0,0,0,0,multiply,BTC,CLAIM_111
iron_finance_iron_2021,Iron Finance IRON depeg,IRON,USD,1624122000,2021-06-19T17:00:00Z,0,0,0,0,0,0,multiply,BTC,CLAIM_111
iron_finance_iron_2021,Iron Finance IRON depeg,IRON,USD,1624125600,2021-06-19T18:00:00Z,0,0,0,0,0,0,multiply,BTC,CLAIM_111
iron_finance_iron_2021,Iron Finance IRON depeg,IRON,USD,1624129200,2021-06-19T19:00:00Z,0,0,0,0,0,0,multiply,BTC,CLAIM_111
iron_finance_iron_2021,Iron Finance IRON depeg,IRON,USD,1624132800,2021-06-19T20:00:00Z,0,0,0,0,0,0,multiply,BTC,CLAIM_111
iron_finance_iron_2021,Iron Finance IRON depeg,IRON,USD,1624136400,2021-06-19T21:00:00Z,0,0,0,0,0,0,multiply,BTC,CLAIM_111
iron_finance_iron_2021,Iron Finance IRON depeg,IRON,USD,1624140000,2021-06-19T22:00:00Z,0,0,0,0,0,0,multiply,BTC,CLAIM_111
iron_finance_iron_2021,Iron Finance IRON depeg,IRON,USD,1624143600,2021-06-19T23:00:00Z,0,0,0,0,0,0,multiply,BTC,CLAIM_111
iron_finance_iron_2021,Iron Finance IRON depeg,IRON,USD,1624147200,2021-06-20T00:00:00Z,0,0,0,0,0,0,multiply,BTC,CLAIM_111
iron_finance_iron_2021,Iron Finance IRON depeg,IRON,USD,1624150800,2021-06-20T01:00:00Z,0,0,0,0,0,0,multiply,BTC,CLAIM_111
iron_finance_iron_2021,Iron Finance IRON depeg,IRON,USD,1624154400,2021-06-20T02:00:00Z,0,0,0,0,0,0,multiply,BTC,CLAIM_111
iron_finance_iron_2021,Iron Finance IRON depeg,IRON,USD,1624158000,2021-06-20T03:00:00Z,0,0,0,0,0,0,multiply,BTC,CLAIM_111
iron_finance_iron_2021,Iron Finance IRON depeg,IRON,USD,1624161600,2021-06-20T04:00:00Z,0,0,0,0,0,0,multiply,BTC,CLAIM_111
iron_finance_iron_2021,Iron Finance IRON depeg,IRON,USD,1624165200,2021-06-20T05:00:00Z,0,0,0,0,0,0,multiply,BTC,CLAIM_111
iron_finance_iron_2021,Iron Finance IRON depeg,IRON,USD,1624168800,2021-06-20T06:00:00Z,0,0,0,0,0,0,multiply,BTC,CLAIM_111
iron_finance_iron_2021,Iron Finance IRON depeg,IRON,USD,1624172400,2021-06-20T07:00:00Z,0,0,0,0,0,0,multiply,BTC,CLAIM_111
iron_finance_iron_2021,Iron Finance IRON depeg,IRON,USD,1624176000,2021-06-20T08:00:00Z,0,0,0,0,0,0,multiply,BTC,CLAIM_111
iron_finance_iron_2021,Iron Finance IRON depeg,IRON,USD,1624179600,2021-06-20T09:00:00Z,0,0,0,0,0,0,multiply,BTC,CLAIM_111
iron_finance_iron_2021,Iron Finance IRON depeg,IRON,USD,1624183200,2021-06-20T10:00:00Z,0,0,0,0,0,0,multiply,BTC,CLAIM_111
iron_finance_iron_2021,Iron Finance IRON depeg,IRON,USD,1624186800,2021-06-20T11:00:00Z,0,0,0,0,0,0,multiply,BTC,CLAIM_111
iron_finance_iron_2021,Iron Finance IRON depeg,IRON,USD,1624190400,2021-06-20T12:00:00Z,0,0,0,0,0,0,multiply,BTC,CLAIM_111
iron_finance_iron_2021,Iron Finance IRON depeg,IRON,USD,1624194000,2021-06-20T13:00:00Z,0,0,0,0,0,0,multiply,BTC,CLAIM_111
iron_finance_iron_2021,Iron Finance IRON depeg,IRON,USD,1624197600,2021-06-20T14:00:00Z,0,0,0,0,0,0,multiply,BTC,CLAIM_111
iron_finance_iron_2021,Iron Finance IRON depeg,IRON,USD,1624201200,2021-06-20T15:00:00Z,0,0,0,0,0,0,multiply,BTC,CLAIM_111
iron_finance_iron_2021,Iron Finance IRON depeg,IRON,USD,1624204800,2021-06-20T16:00:00Z,0,0,0,0,0,0,multiply,BTC,CLAIM_111
iron_finance_iron_2021,Iron Finance IRON depeg,IRON,USD,1624208400,2021-06-20T17:00:00Z,0,0,0,0,0,0,multiply,BTC,CLAIM_111
iron_finance_iron_2021,Iron Finance IRON depeg,IRON,USD,1624212000,2021-06-20T18:00:00Z,0,0,0,0,0,0,multiply,BTC,CLAIM_111
iron_finance_iron_2021,Iron Finance IRON depeg,IRON,USD,1624215600,2021-06-20T19:00:00Z,0,0,0,0,0,0,multiply,BTC,CLAIM_111
iron_finance_iron_2021,Iron Finance IRON depeg,IRON,USD,1624219200,2021-06-20T20:00:00Z,0,0,0,0,0,0,multiply,BTC,CLAIM_111
iron_finance_iron_2021,Iron Finance IRON depeg,IRON,USD,1624222800,2021-06-20T21:00:00Z,0,0,0,0,0,0,multiply,BTC,CLAIM_111
iron_finance_iron_2021,Iron Finance IRON depeg,IRON,USD,1624226400,2021-06-20T22:00:00Z,0,0,0,0,0,0,multiply,BTC,CLAIM_111
iron_finance_iron_2021,Iron Finance IRON depeg,IRON,USD,1624230000,2021-06-20T23:00:00Z,0,0,0,0,0,0,multiply,BTC,CLAIM_111
iron_finance_iron_2021,Iron Finance IRON depeg,IRON,USD,1624233600,2021-06-21T00:00:00Z,0,0,0,0,0,0,multiply,BTC,CLAIM_111
iron_finance_titan_2021,Iron Finance TITAN collapse,TITAN,USD,1623715200,2021-06-15T00:00:00Z,0,0,0,0,0,0,multiply,USDT,CLAIM_111
iron_finance_titan_2021,Iron Finance TITAN collapse,TITAN,USD,1623718800,2021-06-15T01:00:00Z,0,0,0,0,0,0,multiply,USDT,CLAIM_111
iron_finance_titan_2021,Iron Finance TITAN collapse,TITAN,USD,1623722400,2021-06-15T02:00:00Z,0,0,0,0,0,0,multiply,USDT,CLAIM_111
iron_finance_titan_2021,Iron Finance TITAN collapse,TITAN,USD,1623726000,2021-06-15T03:00:00Z,0,0,0,0,0,0,multiply,USDT,CLAIM_111
iron_finance_titan_2021,Iron Finance TITAN collapse,TITAN,USD,1623729600,2021-06-15T04:00:00Z,0,0,0,0,0,0,multiply,USDT,CLAIM_111
iron_finance_titan_2021,Iron Finance TITAN collapse,TITAN,USD,1623733200,2021-06-15T05:00:00Z,0,0,0,0,0,0,multiply,USDT,CLAIM_111
iron_finance_titan_2021,Iron Finance TITAN collapse,TITAN,USD,1623736800,2021-06-15T06:00:00Z,0,0,0,0,0,0,multiply,USDT,CLAIM_111
iron_finance_titan_2021,Iron Finance TITAN collapse,TITAN,USD,1623740400,2021-06-15T07:00:00Z,0,0,0,0,0,0,multiply,USDT,CLAIM_111
iron_finance_titan_2021,Iron Finance TITAN collapse,TITAN,USD,1623744000,2021-06-15T08:00:00Z,0,0,0,0,0,0,multiply,USDT,CLAIM_111
iron_finance_titan_2021,Iron Finance TITAN collapse,TITAN,USD,1623747600,2021-06-15T09:00:00Z,0,0,0,0,0,0,multiply,USDT,CLAIM_111
iron_finance_titan_2021,Iron Finance TITAN collapse,TITAN,USD,1623751200,2021-06-15T10:00:00Z,0,0,0,0,0,0,multiply,USDT,CLAIM_111
iron_finance_titan_2021,Iron Finance TITAN collapse,TITAN,USD,1623754800,2021-06-15T11:00:00Z,0,0,0,0,0,0,multiply,USDT,CLAIM_111
iron_finance_titan_2021,Iron Finance TITAN collapse,TITAN,USD,1623758400,2021-06-15T12:00:00Z,0,0,0,0,0,0,multiply,USDT,CLAIM_111
iron_finance_titan_2021,Iron Finance TITAN collapse,TITAN,USD,1623762000,2021-06-15T13:00:00Z,0,0,0,0,0,0,multiply,USDT,CLAIM_111
iron_finance_titan_2021,Iron Finance TITAN collapse,TITAN,USD,1623765600,2021-06-15T14:00:00Z,0,0,0,0,0,0,multiply,USDT,CLAIM_111
iron_finance_titan_2021,Iron Finance TITAN collapse,TITAN,USD,1623769200,2021-06-15T15:00:00Z,0,0,0,0,0,0,multiply,USDT,CLAIM_111
iron_finance_titan_2021,Iron Finance TITAN collapse,TITAN,USD,1623772800,2021-06-15T16:00:00Z,0,0,0,0,0,0,multiply,USDT,CLAIM_111
iron_finance_titan_2021,Iron Finance TITAN collapse,TITAN,USD,1623776400,2021-06-15T17:00:00Z,0,0,0,0,0,0,multiply,USDT,CLAIM_111
iron_finance_titan_2021,Iron Finance TITAN collapse,TITAN,USD,1623780000,2021-06-15T18:00:00Z,0,0,0,0,0,0,multiply,USDT,CLAIM_111
iron_finance_titan_2021,Iron Finance TITAN collapse,TITAN,USD,1623783600,2021-06-15T19:00:00Z,0,0,0,0,0,0,multiply,USDT,CLAIM_111
iron_finance_titan_2021,Iron Finance TITAN collapse,TITAN,USD,1623787200,2021-06-15T20:00:00Z,0,0,0,0,0,0,multiply,USDT,CLAIM_111
iron_finance_titan_2021,Iron Finance TITAN collapse,TITAN,USD,1623790800,2021-06-15T21:00:00Z,0,0,0,0,0,0,multiply,USDT,CLAIM_111
iron_finance_titan_2021,Iron Finance TITAN collapse,TITAN,USD,1623794400,2021-06-15T22:00:00Z,0,0,0,0,0,0,multiply,USDT,CLAIM_111
iron_finance_titan_2021,Iron Finance TITAN collapse,TITAN,USD,1623798000,2021-06-15T23:00:00Z,0,0,0,0,0,0,multiply,USDT,CLAIM_111
iron_finance_titan_2021,Iron Finance TITAN collapse,TITAN,USD,1623801600,2021-06-16T00:00:00Z,0,0,0,0,0,0,multiply,USDT,CLAIM_111
iron_finance_titan_2021,Iron Finance TITAN collapse,TITAN,USD,1623805200,2021-06-16T01:00:00Z,0,0,0,0,0,0,multiply,USDT,CLAIM_111
iron_finance_titan_2021,Iron Finance TITAN collapse,TITAN,USD,1623808800,2021-06-16T02:00:00Z,0,0,0,0,0,0,multiply,USDT,CLAIM_111
iron_finance_titan_2021,Iron Finance TITAN collapse,TITAN,USD,1623812400,2021-06-16T03:00:00Z,0,0,0,0,0,0,multiply,USDT,CLAIM_111
iron_finance_titan_2021,Iron Finance TITAN collapse,TITAN,USD,1623816000,2021-06-16T04:00:00Z,0,0,0,0,0,0,multiply,USDT,CLAIM_111
iron_finance_titan_2021,Iron Finance TITAN collapse,TITAN,USD,1623819600,2021-06-16T05:00:00Z,0,0,0,0,0,0,multiply,USDT,CLAIM_111
iron_finance_titan_2021,Iron Finance TITAN collapse,TITAN,USD,1623823200,2021-06-16T06:00:00Z,0,0,0,0,0,0,multiply,USDT,CLAIM_111
iron_finance_titan_2021,Iron Finance TITAN collapse,TITAN,USD,1623826800,2021-06-16T07:00:00Z,0,0,0,0,0,0,multiply,USDT,CLAIM_111
iron_finance_titan_2021,Iron Finance TITAN collapse,TITAN,USD,1623830400,2021-06-16T08:00:00Z,0,0,0,0,0,0,multiply,USDT,CLAIM_111
iron_finance_titan_2021,Iron Finance TITAN collapse,TITAN,USD,1623834000,2021-06-16T09:00:00Z,0,0,0,0,0,0,multiply,USDT,CLAIM_111
iron_finance_titan_2021,Iron Finance TITAN collapse,TITAN,USD,1623837600,2021-06-16T10:00:00Z,0,0,0,0,0,0,multiply,USDT,CLAIM_111
iron_finance_titan_2021,Iron Finance TITAN collapse,TITAN,USD,1623841200,2021-06-16T11:00:00Z,0,0,0,0,0,0,multiply,USDT,CLAIM_111
iron_finance_titan_2021,Iron Finance TITAN collapse,TITAN,USD,1623844800,2021-06-16T12:00:00Z,0,0,0,0,0,0,multiply,USDT,CLAIM_111
iron_finance_titan_2021,Iron Finance TITAN collapse,TITAN,USD,1623848400,2021-06-16T13:00:00Z,0,0,0,0,0,0,multiply,USDT,CLAIM_111
iron_finance_titan_2021,Iron Finance TITAN collapse,TITAN,USD,1623852000,2021-06-16T14:00:00Z,0,0,0,0,0,0,multiply,USDT,CLAIM_111
iron_finance_titan_2021,Iron Finance TITAN collapse,TITAN,USD,1623855600,2021-06-16T15:00:00Z,0,0,0,0,0,0,multiply,USDT,CLAIM_111
iron_finance_titan_2021,Iron Finance TITAN collapse,TITAN,USD,1623859200,2021-06-16T16:00:00Z,0,0,0,0,0,0,multiply,USDT,CLAIM_111
iron_finance_titan_2021,Iron Finance TITAN collapse,TITAN,USD,1623862800,2021-06-16T17:00:00Z,0,0,0,0,0,0,multiply,USDT,CLAIM_111
iron_finance_titan_2021,Iron Finance TITAN collapse,TITAN,USD,1623866400,2021-06-16T18:00:00Z,0,0,0,0,0,0,multiply,USDT,CLAIM_111
iron_finance_titan_2021,Iron Finance TITAN collapse,TITAN,USD,1623870000,2021-06-16T19:00:00Z,0,0,0,0,0,0,multiply,USDT,CLAIM_111
iron_finance_titan_2021,Iron Finance TITAN collapse,TITAN,USD,1623873600,2021-06-16T20:00:00Z,0,0,0,0,0,0,multiply,USDT,CLAIM_111
iron_finance_titan_2021,Iron Finance TITAN collapse,TITAN,USD,1623877200,2021-06-16T21:00:00Z,0,0,0,0,0,0,multiply,USDT,CLAIM_111
iron_finance_titan_2021,Iron Finance TITAN collapse,TITAN,USD,1623880800,2021-06-16T22:00:00Z,0,0,0,0,0,0,multiply,USDT,CLAIM_111
iron_finance_titan_2021,Iron Finance TITAN collapse,TITAN,USD,1623884400,2021-06-16T23:00:00Z,0,0,0,0,0,0,multiply,USDT,CLAIM_111
iron_finance_titan_2021,Iron Finance TITAN collapse,TITAN,USD,1623888000,2021-06-17T00:00:00Z,0,0,0,0,0,0,multiply,USDT,CLAIM_111
iron_finance_titan_2021,Iron Finance TITAN collapse,TITAN,USD,1623891600,2021-06-17T01:00:00Z,0,0,0,0,0,0,multiply,USDT,CLAIM_111
iron_finance_titan_2021,Iron Finance TITAN collapse,TITAN,USD,1623895200,2021-06-17T02:00:00Z,0,0,0,0,0,0,multiply,USDT,CLAIM_111
iron_finance_titan_2021,Iron Finance TITAN collapse,TITAN,USD,1623898800,2021-06-17T03:00:00Z,0,0,0,0,0,0,multiply,USDT,CLAIM_111
iron_finance_titan_2021,Iron Finance TITAN collapse,TITAN,USD,1623902400,2021-06-17T04:00:00Z,0,0,0,0,0,0,multiply,USDT,CLAIM_111
iron_finance_titan_2021,Iron Finance TITAN collapse,TITAN,USD,1623906000,2021-06-17T05:00:00Z,0,0,0,0,0,0,multiply,USDT,CLAIM_111
iron_finance_titan_2021,Iron Finance TITAN collapse,TITAN,USD,1623909600,2021-06-17T06:00:00Z,0,0,0,0,0,0,multiply,USDT,CLAIM_111
iron_finance_titan_2021,Iron Finance TITAN collapse,TITAN,USD,1623913200,2021-06-17T07:00:00Z,0,0,0,0,0,0,multiply,USDT,CLAIM_111
iron_finance_titan_2021,Iron Finance TITAN collapse,TITAN,USD,1623916800,2021-06-17T08:00:00Z,0,0,0,0,0,0,multiply,USDT,CLAIM_111
iron_finance_titan_2021,Iron Finance TITAN collapse,TITAN,USD,1623920400,2021-06-17T09:00:00Z,0,0,0,0,0,0,multiply,USDT,CLAIM_111
iron_finance_titan_2021,Iron Finance TITAN collapse,TITAN,USD,1623924000,2021-06-17T10:00:00Z,0,0,0,0,0,0,multiply,USDT,CLAIM_111
iron_finance_titan_2021,Iron Finance TITAN collapse,TITAN,USD,1623927600,2021-06-17T11:00:00Z,0,0,0,0,0,0,multiply,USDT,CLAIM_111
iron_finance_titan_2021,Iron Finance TITAN collapse,TITAN,USD,1623931200,2021-06-17T12:00:00Z,0,0,0,0,0,0,multiply,USDT,CLAIM_111
iron_finance_titan_2021,Iron Finance TITAN collapse,TITAN,USD,1623934800,2021-06-17T13:00:00Z,0,0,0,0,0,0,multiply,USDT,CLAIM_111
iron_finance_titan_2021,Iron Finance TITAN collapse,TITAN,USD,1623938400,2021-06-17T14:00:00Z,0,0,0,0,0,0,multiply,USDT,CLAIM_111
iron_finance_titan_2021,Iron Finance TITAN collapse,TITAN,USD,1623942000,2021-06-17T15:00:00Z,0,0,0,0,0,0,multiply,USDT,CLAIM_111
iron_finance_titan_2021,Iron Finance TITAN collapse,TITAN,USD,1623945600,2021-06-17T16:00:00Z,0,0,0,0,0,0,multiply,USDT,CLAIM_111
iron_finance_titan_2021,Iron Finance TITAN collapse,TITAN,USD,1623949200,2021-06-17T17:00:00Z,0,0,0,0,0,0,multiply,USDT,CLAIM_111
iron_finance_titan_2021,Iron Finance TITAN collapse,TITAN,USD,1623952800,2021-06-17T18:00:00Z,0,0,0,0,0,0,multiply,USDT,CLAIM_111
iron_finance_titan_2021,Iron Finance TITAN collapse,TITAN,USD,1623956400,2021-06-17T19:00:00Z,0,0,0,0,0,0,multiply,USDT,CLAIM_111
iron_finance_titan_2021,Iron Finance TITAN collapse,TITAN,USD,1623960000,2021-06-17T20:00:00Z,0,0,0,0,0,0,multiply,USDT,CLAIM_111
iron_finance_titan_2021,Iron Finance TITAN collapse,TITAN,USD,1623963600,2021-06-17T21:00:00Z,0,0,0,0,0,0,multiply,USDT,CLAIM_111
iron_finance_titan_2021,Iron Finance TITAN collapse,TITAN,USD,1623967200,2021-06-17T22:00:00Z,0,0,0,0,0,0,multiply,USDT,CLAIM_111
iron_finance_titan_2021,Iron Finance TITAN collapse,TITAN,USD,1623970800,2021-06-17T23:00:00Z,0,0,0,0,0,0,multiply,USDT,CLAIM_111
iron_finance_titan_2021,Iron Finance TITAN collapse,TITAN,USD,1623974400,2021-06-18T00:00:00Z,0,0,0,0,0,0,multiply,USDT,CLAIM_111
iron_finance_titan_2021,Iron Finance TITAN collapse,TITAN,USD,1623978000,2021-06-18T01:00:00Z,0,0,0,0,0,0,multiply,USDT,CLAIM_111
iron_finance_titan_2021,Iron Finance TITAN collapse,TITAN,USD,1623981600,2021-06-18T02:00:00Z,0,0,0,0,0,0,multiply,USDT,CLAIM_111
iron_finance_titan_2021,Iron Finance TITAN collapse,TITAN,USD,1623985200,2021-06-18T03:00:00Z,0,0,0,0,0,0,multiply,USDT,CLAIM_111
iron_finance_titan_2021,Iron Finance TITAN collapse,TITAN,USD,1623988800,2021-06-18T04:00:00Z,0,0,0,0,0,0,multiply,USDT,CLAIM_111
iron_finance_titan_2021,Iron Finance TITAN collapse,TITAN,USD,1623992400,2021-06-18T05:00:00Z,0,0,0,0,0,0,multiply,USDT,CLAIM_111
iron_finance_titan_2021,Iron Finance TITAN collapse,TITAN,USD,1623996000,2021-06-18T06:00:00Z,0,0,0,0,0,0,multiply,USDT,CLAIM_111
iron_finance_titan_2021,Iron Finance TITAN collapse,TITAN,USD,1623999600,2021-06-18T07:00:00Z,0,0,0,0,0,0,multiply,USDT,CLAIM_111
iron_finance_titan_2021,Iron Finance TITAN collapse,TITAN,USD,1624003200,2021-06-18T08:00:00Z,0,0,0,0,0,0,multiply,USDT,CLAIM_111
iron_finance_titan_2021,Iron Finance TITAN collapse,TITAN,USD,1624006800,2021-06-18T09:00:00Z,0,0,0,0,0,0,multiply,USDT,CLAIM_111
iron_finance_titan_2021,Iron Finance TITAN collapse,TITAN,USD,1624010400,2021-06-18T10:00:00Z,0,0,0,0,0,0,multiply,USDT,CLAIM_111
iron_finance_titan_2021,Iron Finance TITAN collapse,TITAN,USD,1624014000,2021-06-18T11:00:00Z,0,0,0,0,0,0,multiply,USDT,CLAIM_111
iron_finance_titan_2021,Iron Finance TITAN collapse,TITAN,USD,1624017600,2021-06-18T12:00:00Z,0,0,0,0,0,0,multiply,USDT,CLAIM_111
iron_finance_titan_2021,Iron Finance TITAN collapse,TITAN,USD,1624021200,2021-06-18T13:00:00Z,0,0,0,0,0,0,multiply,USDT,CLAIM_111
iron_finance_titan_2021,Iron Finance TITAN collapse,TITAN,USD,1624024800,2021-06-18T14:00:00Z,0,0,0,0,0,0,multiply,USDT,CLAIM_111
iron_finance_titan_2021,Iron Finance TITAN collapse,TITAN,USD,1624028400,2021-06-18T15:00:00Z,0,0,0,0,0,0,multiply,USDT,CLAIM_111
iron_finance_titan_2021,Iron Finance TITAN collapse,TITAN,USD,1624032000,2021-06-18T16:00:00Z,0,0,0,0,0,0,multiply,USDT,CLAIM_111
iron_finance_titan_2021,Iron Finance TITAN collapse,TITAN,USD,1624035600,2021-06-18T17:00:00Z,0,0,0,0,0,0,multiply,USDT,CLAIM_111
iron_finance_titan_2021,Iron Finance TITAN collapse,TITAN,USD,1624039200,2021-06-18T18:00:00Z,0,0,0,0,0,0,multiply,USDT,CLAIM_111
iron_finance_titan_2021,Iron Finance TITAN collapse,TITAN,USD,1624042800,2021-06-18T19:00:00Z,0,0,0,0,0,0,multiply,USDT,CLAIM_111
iron_finance_titan_2021,Iron Finance TITAN collapse,TITAN,USD,1624046400,2021-06-18T20:00:00Z,0,0,0,0,0,0,multiply,USDT,CLAIM_111
iron_finance_titan_2021,Iron Finance TITAN collapse,TITAN,USD,1624050000,2021-06-18T21:00:00Z,0,0,0,0,0,0,multiply,USDT,CLAIM_111
iron_finance_titan_2021,Iron Finance TITAN collapse,TITAN,USD,1624053600,2021-06-18T22:00:00Z,0,0,0,0,0,0,multiply,USDT,CLAIM_111
iron_finance_titan_2021,Iron Finance TITAN collapse,TITAN,USD,1624057200,2021-06-18T23:00:00Z,0,0,0,0,0,0,multiply,USDT,CLAIM_111
iron_finance_titan_2021,Iron Finance TITAN collapse,TITAN,USD,1624060800,2021-06-19T00:00:00Z,0,0,0,0,0,0,multiply,USDT,CLAIM_111
iron_finance_titan_2021,Iron Finance TITAN collapse,TITAN,USD,1624064400,2021-06-19T01:00:00Z,0,0,0,0,0,0,multiply,USDT,CLAIM_111
iron_finance_titan_2021,Iron Finance TITAN collapse,TITAN,USD,1624068000,2021-06-19T02:00:00Z,0,0,0,0,0,0,multiply,USDT,CLAIM_111
iron_finance_titan_2021,Iron Finance TITAN collapse,TITAN,USD,1624071600,2021-06-19T03:00:00Z,0,0,0,0,0,0,multiply,USDT,CLAIM_111
iron_finance_titan_2021,Iron Finance TITAN collapse,TITAN,USD,1624075200,2021-06-19T04:00:00Z,0,0,0,0,0,0,multiply,USDT,CLAIM_111
iron_finance_titan_2021,Iron Finance TITAN collapse,TITAN,USD,1624078800,2021-06-19T05:00:00Z,0,0,0,0,0,0,multiply,USDT,CLAIM_111
iron_finance_titan_2021,Iron Finance TITAN collapse,TITAN,USD,1624082400,2021-06-19T06:00:00Z,0,0,0,0,0,0,multiply,USDT,CLAIM_111
iron_finance_titan_2021,Iron Finance TITAN collapse,TITAN,USD,1624086000,2021-06-19T07:00:00Z,0,0,0,0,0,0,multiply,USDT,CLAIM_111
iron_finance_titan_2021,Iron Finance TITAN collapse,TITAN,USD,1624089600,2021-06-19T08:00:00Z,0,0,0,0,0,0,multiply,USDT,CLAIM_111
iron_finance_titan_2021,Iron Finance TITAN collapse,TITAN,USD,1624093200,2021-06-19T09:00:00Z,0,0,0,0,0,0,multiply,USDT,CLAIM_111
iron_finance_titan_2021,Iron Finance TITAN collapse,TITAN,USD,1624096800,2021-06-19T10:00:00Z,0,0,0,0,0,0,multiply,USDT,CLAIM_111
iron_finance_titan_2021,Iron Finance TITAN collapse,TITAN,USD,1624100400,2021-06-19T11:00:00Z,0,0,0,0,0,0,multiply,USDT,CLAIM_111
iron_finance_titan_2021,Iron Finance TITAN collapse,TITAN,USD,1624104000,2021-06-19T12:00:00Z,0,0,0,0,0,0,multiply,USDT,CLAIM_111
iron_finance_titan_2021,Iron Finance TITAN collapse,TITAN,USD,1624107600,2021-06-19T13:00:00Z,0,0,0,0,0,0,multiply,USDT,CLAIM_111
iron_finance_titan_2021,Iron Finance TITAN collapse,TITAN,USD,1624111200,2021-06-19T14:00:00Z,0,0,0,0,0,0,multiply,USDT,CLAIM_111
iron_finance_titan_2021,Iron Finance TITAN collapse,TITAN,USD,1624114800,2021-06-19T15:00:00Z,0,0,0,0,0,0,multiply,USDT,CLAIM_111
iron_finance_titan_2021,Iron Finance TITAN collapse,TITAN,USD,1624118400,2021-06-19T16:00:00Z,0,0,0,0,0,0,multiply,USDT,CLAIM_111
iron_finance_titan_2021,Iron Finance TITAN collapse,TITAN,USD,1624122000,2021-06-19T17:00:00Z,0,0,0,0,0,0,multiply,USDT,CLAIM_111
iron_finance_titan_2021,Iron Finance TITAN collapse,TITAN,USD,1624125600,2021-06-19T18:00:00Z,0,0,0,0,0,0,multiply,USDT,CLAIM_111
iron_finance_titan_2021,Iron Finance TITAN collapse,TITAN,USD,1624129200,2021-06-19T19:00:00Z,0,0,0,0,0,0,multiply,USDT,CLAIM_111
iron_finance_titan_2021,Iron Finance TITAN collapse,TITAN,USD,1624132800,2021-06-19T20:00:00Z,0,0,0,0,0,0,multiply,USDT,CLAIM_111
iron_finance_titan_2021,Iron Finance TITAN collapse,TITAN,USD,1624136400,2021-06-19T21:00:00Z,0,0,0,0,0,0,multiply,USDT,CLAIM_111
iron_finance_titan_2021,Iron Finance TITAN collapse,TITAN,USD,1624140000,2021-06-19T22:00:00Z,0,0,0,0,0,0,multiply,USDT,CLAIM_111
iron_finance_titan_2021,Iron Finance TITAN collapse,TITAN,USD,1624143600,2021-06-19T23:00:00Z,0,0,0,0,0,0,multiply,USDT,CLAIM_111
iron_finance_titan_2021,Iron Finance TITAN collapse,TITAN,USD,1624147200,2021-06-20T00:00:00Z,0,0,0,0,0,0,multiply,USDT,CLAIM_111
iron_finance_titan_2021,Iron Finance TITAN collapse,TITAN,USD,1624150800,2021-06-20T01:00:00Z,0,0,0,0,0,0,multiply,USDT,CLAIM_111
iron_finance_titan_2021,Iron Finance TITAN collapse,TITAN,USD,1624154400,2021-06-20T02:00:00Z,0,0,0,0,0,0,multiply,USDT,CLAIM_111
iron_finance_titan_2021,Iron Finance TITAN collapse,TITAN,USD,1624158000,2021-06-20T03:00:00Z,0,0,0,0,0,0,multiply,USDT,CLAIM_111
iron_finance_titan_2021,Iron Finance TITAN collapse,TITAN,USD,1624161600,2021-06-20T04:00:00Z,0,0,0,0,0,0,multiply,USDT,CLAIM_111
iron_finance_titan_2021,Iron Finance TITAN collapse,TITAN,USD,1624165200,2021-06-20T05:00:00Z,0,0,0,0,0,0,multiply,USDT,CLAIM_111
iron_finance_titan_2021,Iron Finance TITAN collapse,TITAN,USD,1624168800,2021-06-20T06:00:00Z,0,0,0,0,0,0,multiply,USDT,CLAIM_111
iron_finance_titan_2021,Iron Finance TITAN collapse,TITAN,USD,1624172400,2021-06-20T07:00:00Z,0,0,0,0,0,0,multiply,USDT,CLAIM_111
iron_finance_titan_2021,Iron Finance TITAN collapse,TITAN,USD,1624176000,2021-06-20T08:00:00Z,0,0,0,0,0,0,multiply,USDT,CLAIM_111
iron_finance_titan_2021,Iron Finance TITAN collapse,TITAN,USD,1624179600,2021-06-20T09:00:00Z,0,0,0,0,0,0,multiply,USDT,CLAIM_111
iron_finance_titan_2021,Iron Finance TITAN collapse,TITAN,USD,1624183200,2021-06-20T10:00:00Z,0,0,0,0,0,0,multiply,USDT,CLAIM_111
iron_finance_titan_2021,Iron Finance TITAN collapse,TITAN,USD,1624186800,2021-06-20T11:00:00Z,0,0,0,0,0,0,multiply,USDT,CLAIM_111
iron_finance_titan_2021,Iron Finance TITAN collapse,TITAN,USD,1624190400,2021-06-20T12:00:00Z,0,0,0,0,0,0,multiply,USDT,CLAIM_111
iron_finance_titan_2021,Iron Finance TITAN collapse,TITAN,USD,1624194000,2021-06-20T13:00:00Z,0,0,0,0,0,0,multiply,USDT,CLAIM_111
iron_finance_titan_2021,Iron Finance TITAN collapse,TITAN,USD,1624197600,2021-06-20T14:00:00Z,0,0,0,0,0,0,multiply,USDT,CLAIM_111
iron_finance_titan_2021,Iron Finance TITAN collapse,TITAN,USD,1624201200,2021-06-20T15:00:00Z,0,0,0,0,0,0,multiply,USDT,CLAIM_111
iron_finance_titan_2021,Iron Finance TITAN collapse,TITAN,USD,1624204800,2021-06-20T16:00:00Z,0,0,0,0,0,0,multiply,USDT,CLAIM_111
iron_finance_titan_2021,Iron Finance TITAN collapse,TITAN,USD,1624208400,2021-06-20T17:00:00Z,0,0,0,0,0,0,multiply,USDT,CLAIM_111
iron_finance_titan_2021,Iron Finance TITAN collapse,TITAN,USD,1624212000,2021-06-20T18:00:00Z,0,0,0,0,0,0,multiply,USDT,CLAIM_111
iron_finance_titan_2021,Iron Finance TITAN collapse,TITAN,USD,1624215600,2021-06-20T19:00:00Z,0,0,0,0,0,0,multiply,USDT,CLAIM_111
iron_finance_titan_2021,Iron Finance TITAN collapse,TITAN,USD,1624219200,2021-06-20T20:00:00Z,0,0,0,0,0,0,multiply,USDT,CLAIM_111
iron_finance_titan_2021,Iron Finance TITAN collapse,TITAN,USD,1624222800,2021-06-20T21:00:00Z,0,0,0,0,0,0,multiply,USDT,CLAIM_111
iron_finance_titan_2021,Iron Finance TITAN collapse,TITAN,USD,1624226400,2021-06-20T22:00:00Z,0,0,0,0,0,0,multiply,USDT,CLAIM_111
iron_finance_titan_2021,Iron Finance TITAN collapse,TITAN,USD,1624230000,2021-06-20T23:00:00Z,0,0,0,0,0,0,multiply,USDT,CLAIM_111
iron_finance_titan_2021,Iron Finance TITAN collapse,TITAN,USD,1624233600,2021-06-21T00:00:00Z,0,0,0,0,0,0,multiply,USDT,CLAIM_111
maker_dai_black_thursday_2020,MakerDAO Black Thursday DAI stress,DAI,USD,1583798400,2020-03-10T00:00:00Z,1.008,1.01,1.004,1.009,1894.25,1911.15,invert_divide,BTC,CLAIM_135; CLAIM_136; CLAIM_137
maker_dai_black_thursday_2020,MakerDAO Black Thursday DAI stress,DAI,USD,1583802000,2020-03-10T01:00:00Z,1.009,1.017,1.007,1.008,1620.08,1633.5,invert_divide,BTC,CLAIM_135; CLAIM_136; CLAIM_137
maker_dai_black_thursday_2020,MakerDAO Black Thursday DAI stress,DAI,USD,1583805600,2020-03-10T02:00:00Z,1.008,1.014,1.004,1.005,1437.43,1444.54,invert_divide,BTC,CLAIM_135; CLAIM_136; CLAIM_137
maker_dai_black_thursday_2020,MakerDAO Black Thursday DAI stress,DAI,USD,1583809200,2020-03-10T03:00:00Z,1.006,1.01,0.9952,1.008,12399.86,12502.82,invert_divide,ETH,CLAIM_135; CLAIM_136; CLAIM_137
maker_dai_black_thursday_2020,MakerDAO Black Thursday DAI stress,DAI,USD,1583812800,2020-03-10T04:00:00Z,1.008,1.011,1.002,1.009,11267.39,11365.71,invert_divide,ETH,CLAIM_135; CLAIM_136; CLAIM_137
maker_dai_black_thursday_2020,MakerDAO Black Thursday DAI stress,DAI,USD,1583816400,2020-03-10T05:00:00Z,1.008,1.008,1.004,1.008,29226.67,29407.66,direct,,CLAIM_135; CLAIM_136; CLAIM_137
maker_dai_black_thursday_2020,MakerDAO Black Thursday DAI stress,DAI,USD,1583820000,2020-03-10T06:00:00Z,1.008,1.022,1.006,1.008,10811.1,10896.37,invert_divide,ETH,CLAIM_135; CLAIM_136; CLAIM_137
maker_dai_black_thursday_2020,MakerDAO Black Thursday DAI stress,DAI,USD,1583823600,2020-03-10T07:00:00Z,1.008,1.017,1.001,1.009,27833.21,28071.55,invert_divide,ETH,CLAIM_135; CLAIM_136; CLAIM_137
maker_dai_black_thursday_2020,MakerDAO Black Thursday DAI stress,DAI,USD,1583827200,2020-03-10T08:00:00Z,1.009,1.015,1.004,1.008,10246.87,10326.64,invert_divide,ETH,CLAIM_135; CLAIM_136; CLAIM_137
maker_dai_black_thursday_2020,MakerDAO Black Thursday DAI stress,DAI,USD,1583830800,2020-03-10T09:00:00Z,1.008,1.014,1.006,1.009,8473.25,8546.02,invert_divide,ETH,CLAIM_135; CLAIM_136; CLAIM_137
maker_dai_black_thursday_2020,MakerDAO Black Thursday DAI stress,DAI,USD,1583834400,2020-03-10T10:00:00Z,1.009,1.012,0.9808,1.007,36486.47,36751.82,invert_divide,ETH,CLAIM_135; CLAIM_136; CLAIM_137
maker_dai_black_thursday_2020,MakerDAO Black Thursday DAI stress,DAI,USD,1583838000,2020-03-10T11:00:00Z,1.007,1.016,1.004,1.007,32102.03,32326.2,invert_divide,ETH,CLAIM_135; CLAIM_136; CLAIM_137
maker_dai_black_thursday_2020,MakerDAO Black Thursday DAI stress,DAI,USD,1583841600,2020-03-10T12:00:00Z,1.007,1.007,0.9925,1.005,27962.65,28108.71,invert_divide,ETH,CLAIM_135; CLAIM_136; CLAIM_137
maker_dai_black_thursday_2020,MakerDAO Black Thursday DAI stress,DAI,USD,1583845200,2020-03-10T13:00:00Z,1.005,1.022,1,1.005,33330.55,33503.91,invert_divide,ETH,CLAIM_135; CLAIM_136; CLAIM_137
maker_dai_black_thursday_2020,MakerDAO Black Thursday DAI stress,DAI,USD,1583848800,2020-03-10T14:00:00Z,1.005,1.016,1.004,1.007,18514.47,18643.63,invert_divide,ETH,CLAIM_135; CLAIM_136; CLAIM_137
maker_dai_black_thursday_2020,MakerDAO Black Thursday DAI stress,DAI,USD,1583852400,2020-03-10T15:00:00Z,1.007,1.043,1.007,1.008,87458.89,88140.1,invert_divide,ETH,CLAIM_135; CLAIM_136; CLAIM_137
maker_dai_black_thursday_2020,MakerDAO Black Thursday DAI stress,DAI,USD,1583856000,2020-03-10T16:00:00Z,1.008,1.011,0.99,1.008,28087.73,28326.33,invert_divide,ETH,CLAIM_135; CLAIM_136; CLAIM_137
maker_dai_black_thursday_2020,MakerDAO Black Thursday DAI stress,DAI,USD,1583859600,2020-03-10T17:00:00Z,1.008,1.009,0.9945,1.008,20892.2,21061.67,invert_divide,ETH,CLAIM_135; CLAIM_136; CLAIM_137
maker_dai_black_thursday_2020,MakerDAO Black Thursday DAI stress,DAI,USD,1583863200,2020-03-10T18:00:00Z,1.008,1.016,1.003,1.007,23871.96,24039.39,invert_divide,ETH,CLAIM_135; CLAIM_136; CLAIM_137
maker_dai_black_thursday_2020,MakerDAO Black Thursday DAI stress,DAI,USD,1583866800,2020-03-10T19:00:00Z,1.007,1.008,0.9914,1.007,14119.3,14223.97,invert_divide,ETH,CLAIM_135; CLAIM_136; CLAIM_137
maker_dai_black_thursday_2020,MakerDAO Black Thursday DAI stress,DAI,USD,1583870400,2020-03-10T20:00:00Z,1.007,1.012,0.9974,1.007,21948.75,22103.27,invert_divide,ETH,CLAIM_135; CLAIM_136; CLAIM_137
maker_dai_black_thursday_2020,MakerDAO Black Thursday DAI stress,DAI,USD,1583874000,2020-03-10T21:00:00Z,1.006,1.015,1.004,1.005,1587.6,1596.3,invert_divide,BTC,CLAIM_135; CLAIM_136; CLAIM_137
maker_dai_black_thursday_2020,MakerDAO Black Thursday DAI stress,DAI,USD,1583877600,2020-03-10T22:00:00Z,1.01,1.009,1.003,1.008,15438.89,15560.61,invert_divide,ETH,CLAIM_135; CLAIM_136; CLAIM_137
maker_dai_black_thursday_2020,MakerDAO Black Thursday DAI stress,DAI,USD,1583881200,2020-03-10T23:00:00Z,1.008,1.02,1.005,1.007,31131.99,31338.18,invert_divide,ETH,CLAIM_135; CLAIM_136; CLAIM_137
maker_dai_black_thursday_2020,MakerDAO Black Thursday DAI stress,DAI,USD,1583884800,2020-03-11T00:00:00Z,1.01,1.058,1.008,1.058,5852.34,5915.05,direct,,CLAIM_135; CLAIM_136; CLAIM_137
maker_dai_black_thursday_2020,MakerDAO Black Thursday DAI stress,DAI,USD,1583888400,2020-03-11T01:00:00Z,1.009,1.009,1.001,1.007,10866.58,10940.54,invert_divide,ETH,CLAIM_135; CLAIM_136; CLAIM_137
maker_dai_black_thursday_2020,MakerDAO Black Thursday DAI stress,DAI,USD,1583892000,2020-03-11T02:00:00Z,1.007,1.015,1.005,1.006,6752.73,6795.33,invert_divide,ETH,CLAIM_135; CLAIM_136; CLAIM_137
maker_dai_black_thursday_2020,MakerDAO Black Thursday DAI stress,DAI,USD,1583895600,2020-03-11T03:00:00Z,1.006,1.008,0.9995,1.006,7013.56,7058.65,invert_divide,ETH,CLAIM_135; CLAIM_136; CLAIM_137
maker_dai_black_thursday_2020,MakerDAO Black Thursday DAI stress,DAI,USD,1583899200,2020-03-11T04:00:00Z,1.008,1.018,1.013,1.013,527.32,534.04,invert_divide,BTC,CLAIM_135; CLAIM_136; CLAIM_137
maker_dai_black_thursday_2020,MakerDAO Black Thursday DAI stress,DAI,USD,1583902800,2020-03-11T05:00:00Z,1.013,1.02,1.01,1.012,1777.39,1797.93,invert_divide,BTC,CLAIM_135; CLAIM_136; CLAIM_137
maker_dai_black_thursday_2020,MakerDAO Black Thursday DAI stress,DAI,USD,1583906400,2020-03-11T06:00:00Z,1.012,1.02,1.01,1.01,8963.55,9054.79,invert_divide,ETH,CLAIM_135; CLAIM_136; CLAIM_137
maker_dai_black_thursday_2020,MakerDAO Black Thursday DAI stress,DAI,USD,1583910000,2020-03-11T07:00:00Z,1.01,1.013,1.002,1.01,8792.1,8878.55,invert_divide,ETH,CLAIM_135; CLAIM_136; CLAIM_137
maker_dai_black_thursday_2020,MakerDAO Black Thursday DAI stress,DAI,USD,1583913600,2020-03-11T08:00:00Z,1.01,1.022,1.008,1.01,12045.48,12169.21,invert_divide,ETH,CLAIM_135; CLAIM_136; CLAIM_137
maker_dai_black_thursday_2020,MakerDAO Black Thursday DAI stress,DAI,USD,1583917200,2020-03-11T09:00:00Z,1.01,1.017,1.007,1.01,8776.47,8867.53,invert_divide,ETH,CLAIM_135; CLAIM_136; CLAIM_137
maker_dai_black_thursday_2020,MakerDAO Black Thursday DAI stress,DAI,USD,1583920800,2020-03-11T10:00:00Z,1.01,1.016,1.002,1.013,26270.02,26618.22,invert_divide,ETH,CLAIM_135; CLAIM_136; CLAIM_137
maker_dai_black_thursday_2020,MakerDAO Black Thursday DAI stress,DAI,USD,1583924400,2020-03-11T11:00:00Z,1.013,1.017,1.005,1.01,9104.41,9192.61,invert_divide,ETH,CLAIM_135; CLAIM_136; CLAIM_137
maker_dai_black_thursday_2020,MakerDAO Black Thursday DAI stress,DAI,USD,1583928000,2020-03-11T12:00:00Z,1.012,1.012,1.006,1.011,1095.12,1106.89,invert_divide,BTC,CLAIM_135; CLAIM_136; CLAIM_137
maker_dai_black_thursday_2020,MakerDAO Black Thursday DAI stress,DAI,USD,1583931600,2020-03-11T13:00:00Z,1.011,1.021,1.011,1.012,16430.47,16629.69,invert_divide,ETH,CLAIM_135; CLAIM_136; CLAIM_137
maker_dai_black_thursday_2020,MakerDAO Black Thursday DAI stress,DAI,USD,1583935200,2020-03-11T14:00:00Z,1.012,1.029,1.008,1.012,29163.12,29505.2,invert_divide,ETH,CLAIM_135; CLAIM_136; CLAIM_137
maker_dai_black_thursday_2020,MakerDAO Black Thursday DAI stress,DAI,USD,1583938800,2020-03-11T15:00:00Z,1.012,1.028,1.005,1.012,41882.51,42401.51,invert_divide,ETH,CLAIM_135; CLAIM_136; CLAIM_137
maker_dai_black_thursday_2020,MakerDAO Black Thursday DAI stress,DAI,USD,1583942400,2020-03-11T16:00:00Z,1.012,1.022,1.007,1.011,31813.74,32152.02,invert_divide,ETH,CLAIM_135; CLAIM_136; CLAIM_137
maker_dai_black_thursday_2020,MakerDAO Black Thursday DAI stress,DAI,USD,1583946000,2020-03-11T17:00:00Z,1.011,1.055,1.007,1.012,122049.85,123510.88,invert_divide,ETH,CLAIM_135; CLAIM_136; CLAIM_137
maker_dai_black_thursday_2020,MakerDAO Black Thursday DAI stress,DAI,USD,1583949600,2020-03-11T18:00:00Z,1.013,1.015,0.9867,1.013,7056.02,7145.11,invert_divide,BTC,CLAIM_135; CLAIM_136; CLAIM_137
maker_dai_black_thursday_2020,MakerDAO Black Thursday DAI stress,DAI,USD,1583953200,2020-03-11T19:00:00Z,1.013,1.015,1.004,1.014,2449.45,2484.03,invert_divide,BTC,CLAIM_135; CLAIM_136; CLAIM_137
maker_dai_black_thursday_2020,MakerDAO Black Thursday DAI stress,DAI,USD,1583956800,2020-03-11T20:00:00Z,1.014,1.016,0.9996,1.015,37644.29,38214.57,invert_divide,ETH,CLAIM_135; CLAIM_136; CLAIM_137
maker_dai_black_thursday_2020,MakerDAO Black Thursday DAI stress,DAI,USD,1583960400,2020-03-11T21:00:00Z,1.015,1.033,1.01,1.011,20296.29,20518.14,invert_divide,ETH,CLAIM_135; CLAIM_136; CLAIM_137
maker_dai_black_thursday_2020,MakerDAO Black Thursday DAI stress,DAI,USD,1583964000,2020-03-11T22:00:00Z,1.011,1.015,0.9927,1.012,2756.63,2790.08,invert_divide,BTC,CLAIM_135; CLAIM_136; CLAIM_137
maker_dai_black_thursday_2020,MakerDAO Black Thursday DAI stress,DAI,USD,1583967600,2020-03-11T23:00:00Z,1.011,1.018,1.003,1.012,26889.54,27210.72,invert_divide,ETH,CLAIM_135; CLAIM_136; CLAIM_137
maker_dai_black_thursday_2020,MakerDAO Black Thursday DAI stress,DAI,USD,1583971200,2020-03-12T00:00:00Z,1.012,1.023,1.005,1.012,21647.82,21905.68,invert_divide,ETH,CLAIM_135; CLAIM_136; CLAIM_137
maker_dai_black_thursday_2020,MakerDAO Black Thursday DAI stress,DAI,USD,1583974800,2020-03-12T01:00:00Z,1.012,1.064,1.012,1.015,53111.53,53910.16,invert_divide,ETH,CLAIM_135; CLAIM_136; CLAIM_137
maker_dai_black_thursday_2020,MakerDAO Black Thursday DAI stress,DAI,USD,1583978400,2020-03-12T02:00:00Z,1.015,1.027,1.001,1.009,61655.95,62220.36,invert_divide,ETH,CLAIM_135; CLAIM_136; CLAIM_137
maker_dai_black_thursday_2020,MakerDAO Black Thursday DAI stress,DAI,USD,1583982000,2020-03-12T03:00:00Z,1.009,1.03,1.011,1.018,36293.58,36934.84,invert_divide,ETH,CLAIM_135; CLAIM_136; CLAIM_137
maker_dai_black_thursday_2020,MakerDAO Black Thursday DAI stress,DAI,USD,1583985600,2020-03-12T04:00:00Z,1.018,1.027,1.005,1.019,70934.14,72275.15,invert_divide,ETH,CLAIM_135; CLAIM_136; CLAIM_137
maker_dai_black_thursday_2020,MakerDAO Black Thursday DAI stress,DAI,USD,1583989200,2020-03-12T05:00:00Z,1.023,1.024,1.02,1.021,28660.43,29275.86,direct,,CLAIM_135; CLAIM_136; CLAIM_137
maker_dai_black_thursday_2020,MakerDAO Black Thursday DAI stress,DAI,USD,1583992800,2020-03-12T06:00:00Z,1.021,1.029,1.019,1.029,106129.36,108556.93,direct,,CLAIM_135; CLAIM_136; CLAIM_137
maker_dai_black_thursday_2020,MakerDAO Black Thursday DAI stress,DAI,USD,1583996400,2020-03-12T07:00:00Z,1.029,1.043,1.022,1.032,174410.87,180482.78,direct,,CLAIM_135; CLAIM_136; CLAIM_137
maker_dai_black_thursday_2020,MakerDAO Black Thursday DAI stress,DAI,USD,1584000000,2020-03-12T08:00:00Z,1.019,1.042,1.007,1.025,99029.88,101479.42,invert_divide,ETH,CLAIM_135; CLAIM_136; CLAIM_137
maker_dai_black_thursday_2020,MakerDAO Black Thursday DAI stress,DAI,USD,1584003600,2020-03-12T09:00:00Z,1.046,1.046,1.017,1.04,204019.32,212489.95,direct,,CLAIM_135; CLAIM_136; CLAIM_137
maker_dai_black_thursday_2020,MakerDAO Black Thursday DAI stress,DAI,USD,1584007200,2020-03-12T10:00:00Z,1.024,1.339,1.026,1.069,438660.64,469040.44,invert_divide,ETH,CLAIM_135; CLAIM_136; CLAIM_137
maker_dai_black_thursday_2020,MakerDAO Black Thursday DAI stress,DAI,USD,1584010800,2020-03-12T11:00:00Z,1.031,1.091,0.984,1.021,33608.25,34325.51,invert_divide,BTC,CLAIM_135; CLAIM_136; CLAIM_137
maker_dai_black_thursday_2020,MakerDAO Black Thursday DAI stress,DAI,USD,1584014400,2020-03-12T12:00:00Z,1.021,1.087,1.02,1.046,23151.08,24221.17,invert_divide,BTC,CLAIM_135; CLAIM_136; CLAIM_137
maker_dai_black_thursday_2020,MakerDAO Black Thursday DAI stress,DAI,USD,1584018000,2020-03-12T13:00:00Z,1.02,1.021,1.005,1.018,182874.27,184695.7,direct,,CLAIM_135; CLAIM_136; CLAIM_137
maker_dai_black_thursday_2020,MakerDAO Black Thursday DAI stress,DAI,USD,1584021600,2020-03-12T14:00:00Z,1.037,1.045,0.9718,1.024,164607.47,168506.7,invert_divide,ETH,CLAIM_135; CLAIM_136; CLAIM_137
maker_dai_black_thursday_2020,MakerDAO Black Thursday DAI stress,DAI,USD,1584025200,2020-03-12T15:00:00Z,1.024,1.019,0.9876,1.017,93385.84,94962.62,invert_divide,ETH,CLAIM_135; CLAIM_136; CLAIM_137
maker_dai_black_thursday_2020,MakerDAO Black Thursday DAI stress,DAI,USD,1584028800,2020-03-12T16:00:00Z,1.017,1.071,1.016,1.043,86453.35,90132.49,invert_divide,ETH,CLAIM_135; CLAIM_136; CLAIM_137
maker_dai_black_thursday_2020,MakerDAO Black Thursday DAI stress,DAI,USD,1584032400,2020-03-12T17:00:00Z,1.043,1.076,1.023,1.045,114228.08,119404.99,invert_divide,ETH,CLAIM_135; CLAIM_136; CLAIM_137
maker_dai_black_thursday_2020,MakerDAO Black Thursday DAI stress,DAI,USD,1584036000,2020-03-12T18:00:00Z,1.048,1.05,1.038,1.038,112877.76,118030.61,direct,,CLAIM_135; CLAIM_136; CLAIM_137
maker_dai_black_thursday_2020,MakerDAO Black Thursday DAI stress,DAI,USD,1584039600,2020-03-12T19:00:00Z,1.038,1.038,1.013,1.018,175305.5,178496.42,direct,,CLAIM_135; CLAIM_136; CLAIM_137
maker_dai_black_thursday_2020,MakerDAO Black Thursday DAI stress,DAI,USD,1584043200,2020-03-12T20:00:00Z,1.018,1.04,1.013,1.028,494732.41,505831.84,direct,,CLAIM_135; CLAIM_136; CLAIM_137
maker_dai_black_thursday_2020,MakerDAO Black Thursday DAI stress,DAI,USD,1584046800,2020-03-12T21:00:00Z,1.028,1.052,1.028,1.05,164876.74,171624.04,direct,,CLAIM_135; CLAIM_136; CLAIM_137
maker_dai_black_thursday_2020,MakerDAO Black Thursday DAI stress,DAI,USD,1584050400,2020-03-12T22:00:00Z,1.05,1.056,1.028,1.056,144069.73,151023.08,direct,,CLAIM_135; CLAIM_136; CLAIM_137
maker_dai_black_thursday_2020,MakerDAO Black Thursday DAI stress,DAI,USD,1584054000,2020-03-12T23:00:00Z,1.053,1.19,0.9693,1.026,381260.91,391130.01,invert_divide,ETH,CLAIM_135; CLAIM_136; CLAIM_137
maker_dai_black_thursday_2020,MakerDAO Black Thursday DAI stress,DAI,USD,1584057600,2020-03-13T00:00:00Z,1.062,1.074,1.031,1.032,238501.04,250386.93,direct,,CLAIM_135; CLAIM_136; CLAIM_137
maker_dai_black_thursday_2020,MakerDAO Black Thursday DAI stress,DAI,USD,1584061200,2020-03-13T01:00:00Z,1.032,1.1,1.032,1.071,192400.7,200689.88,direct,,CLAIM_135; CLAIM_136; CLAIM_137
maker_dai_black_thursday_2020,MakerDAO Black Thursday DAI stress,DAI,USD,1584064800,2020-03-13T02:00:00Z,1.071,1.083,1.027,1.056,218875.5,229445.62,direct,,CLAIM_135; CLAIM_136; CLAIM_137
maker_dai_black_thursday_2020,MakerDAO Black Thursday DAI stress,DAI,USD,1584068400,2020-03-13T03:00:00Z,1.035,1.183,0.9444,1.064,330500.79,351710.26,invert_divide,ETH,CLAIM_135; CLAIM_136; CLAIM_137
maker_dai_black_thursday_2020,MakerDAO Black Thursday DAI stress,DAI,USD,1584072000,2020-03-13T04:00:00Z,1.079,1.145,1.017,1.038,13629.09,14147.48,invert_divide,BTC,CLAIM_135; CLAIM_136; CLAIM_137
maker_dai_black_thursday_2020,MakerDAO Black Thursday DAI stress,DAI,USD,1584075600,2020-03-13T05:00:00Z,1.102,1.122,1.003,1.06,121663.35,128953.3,invert_divide,ETH,CLAIM_135; CLAIM_136; CLAIM_137
maker_dai_black_thursday_2020,MakerDAO Black Thursday DAI stress,DAI,USD,1584079200,2020-03-13T06:00:00Z,1.032,1.037,1.021,1.025,57454.29,59140.1,direct,,CLAIM_135; CLAIM_136; CLAIM_137
maker_dai_black_thursday_2020,MakerDAO Black Thursday DAI stress,DAI,USD,1584082800,2020-03-13T07:00:00Z,1.025,1.027,1.015,1.026,135393.44,138023.62,direct,,CLAIM_135; CLAIM_136; CLAIM_137
maker_dai_black_thursday_2020,MakerDAO Black Thursday DAI stress,DAI,USD,1584086400,2020-03-13T08:00:00Z,1.026,1.033,1.02,1.027,100784.26,103347.64,direct,,CLAIM_135; CLAIM_136; CLAIM_137
maker_dai_black_thursday_2020,MakerDAO Black Thursday DAI stress,DAI,USD,1584090000,2020-03-13T09:00:00Z,1.027,1.029,1.008,1.019,130049.41,131914.14,direct,,CLAIM_135; CLAIM_136; CLAIM_137
maker_dai_black_thursday_2020,MakerDAO Black Thursday DAI stress,DAI,USD,1584093600,2020-03-13T10:00:00Z,1.019,1.022,1.016,1.02,175445.76,178978.16,direct,,CLAIM_135; CLAIM_136; CLAIM_137
maker_dai_black_thursday_2020,MakerDAO Black Thursday DAI stress,DAI,USD,1584097200,2020-03-13T11:00:00Z,1.02,1.022,1.018,1.018,97086.16,98904.03,direct,,CLAIM_135; CLAIM_136; CLAIM_137
maker_dai_black_thursday_2020,MakerDAO Black Thursday DAI stress,DAI,USD,1584100800,2020-03-13T12:00:00Z,1.018,1.024,1.016,1.018,33911.61,34519.37,direct,,CLAIM_135; CLAIM_136; CLAIM_137
maker_dai_black_thursday_2020,MakerDAO Black Thursday DAI stress,DAI,USD,1584104400,2020-03-13T13:00:00Z,1.018,1.029,1.013,1.027,123107.56,125631.25,direct,,CLAIM_135; CLAIM_136; CLAIM_137
maker_dai_black_thursday_2020,MakerDAO Black Thursday DAI stress,DAI,USD,1584108000,2020-03-13T14:00:00Z,1.03,1.114,1.022,1.034,79402.85,82090.88,invert_divide,ETH,CLAIM_135; CLAIM_136; CLAIM_137
maker_dai_black_thursday_2020,MakerDAO Black Thursday DAI stress,DAI,USD,1584111600,2020-03-13T15:00:00Z,1.034,1.054,0.9563,1.024,170182.82,174336,invert_divide,ETH,CLAIM_135; CLAIM_136; CLAIM_137
maker_dai_black_thursday_2020,MakerDAO Black Thursday DAI stress,DAI,USD,1584115200,2020-03-13T16:00:00Z,1.022,1.03,1.018,1.018,68978.96,70297.14,direct,,CLAIM_135; CLAIM_136; CLAIM_137
maker_dai_black_thursday_2020,MakerDAO Black Thursday DAI stress,DAI,USD,1584118800,2020-03-13T17:00:00Z,1.018,1.029,1.018,1.02,21650.58,22187.58,direct,,CLAIM_135; CLAIM_136; CLAIM_137
maker_dai_black_thursday_2020,MakerDAO Black Thursday DAI stress,DAI,USD,1584122400,2020-03-13T18:00:00Z,1.02,1.026,1.016,1.019,72812.34,74404.28,direct,,CLAIM_135; CLAIM_136; CLAIM_137
maker_dai_black_thursday_2020,MakerDAO Black Thursday DAI stress,DAI,USD,1584126000,2020-03-13T19:00:00Z,1.019,1.026,1.016,1.017,122316.98,124562.29,direct,,CLAIM_135; CLAIM_136; CLAIM_137
maker_dai_black_thursday_2020,MakerDAO Black Thursday DAI stress,DAI,USD,1584129600,2020-03-13T20:00:00Z,1.017,1.031,1.017,1.02,84689.55,86721.71,direct,,CLAIM_135; CLAIM_136; CLAIM_137
maker_dai_black_thursday_2020,MakerDAO Black Thursday DAI stress,DAI,USD,1584133200,2020-03-13T21:00:00Z,1.017,1.036,0.9946,1.013,59955.43,60743.09,invert_divide,ETH,CLAIM_135; CLAIM_136; CLAIM_137
maker_dai_black_thursday_2020,MakerDAO Black Thursday DAI stress,DAI,USD,1584136800,2020-03-13T22:00:00Z,1.021,1.02,0.99,1.017,3884.79,3951.66,invert_divide,BTC,CLAIM_135; CLAIM_136; CLAIM_137
maker_dai_black_thursday_2020,MakerDAO Black Thursday DAI stress,DAI,USD,1584140400,2020-03-13T23:00:00Z,1.017,1.043,0.9928,1.022,93091.16,95106.48,invert_divide,ETH,CLAIM_135; CLAIM_136; CLAIM_137
maker_dai_black_thursday_2020,MakerDAO Black Thursday DAI stress,DAI,USD,1584144000,2020-03-14T00:00:00Z,1.017,1.023,1.015,1.015,104981.09,106859.9,direct,,CLAIM_135; CLAIM_136; CLAIM_137
maker_dai_black_thursday_2020,MakerDAO Black Thursday DAI stress,DAI,USD,1584147600,2020-03-14T01:00:00Z,1.017,1.01,0.978,1.006,37155.6,37381.33,invert_divide,ETH,CLAIM_135; CLAIM_136; CLAIM_137
maker_dai_black_thursday_2020,MakerDAO Black Thursday DAI stress,DAI,USD,1584151200,2020-03-14T02:00:00Z,1.016,1.039,1.007,1.037,3583.18,3716.18,invert_divide,BTC,CLAIM_135; CLAIM_136; CLAIM_137
maker_dai_black_thursday_2020,MakerDAO Black Thursday DAI stress,DAI,USD,1584154800,2020-03-14T03:00:00Z,1.017,1.022,1.001,1.01,21355.16,21569.31,invert_divide,ETH,CLAIM_135; CLAIM_136; CLAIM_137
maker_dai_black_thursday_2020,MakerDAO Black Thursday DAI stress,DAI,USD,1584158400,2020-03-14T04:00:00Z,1.014,1.015,1.01,1.014,17861.52,18121.2,direct,,CLAIM_135; CLAIM_136; CLAIM_137
maker_dai_black_thursday_2020,MakerDAO Black Thursday DAI stress,DAI,USD,1584162000,2020-03-14T05:00:00Z,1.011,1.026,1.008,1.011,12747.43,12891.65,invert_divide,ETH,CLAIM_135; CLAIM_136; CLAIM_137
maker_dai_black_thursday_2020,MakerDAO Black Thursday DAI stress,DAI,USD,1584165600,2020-03-14T06:00:00Z,1.011,1.016,1.006,1.01,12085.48,12210.06,invert_divide,ETH,CLAIM_135; CLAIM_136; CLAIM_137
maker_dai_black_thursday_2020,MakerDAO Black Thursday DAI stress,DAI,USD,1584169200,2020-03-14T07:00:00Z,1.01,1.012,0.9965,1.012,12433.57,12577.61,invert_divide,ETH,CLAIM_135; CLAIM_136; CLAIM_137
maker_dai_black_thursday_2020,MakerDAO Black Thursday DAI stress,DAI,USD,1584172800,2020-03-14T08:00:00Z,1.012,1.047,0.9965,1.016,45535.43,46263.8,invert_divide,ETH,CLAIM_135; CLAIM_136; CLAIM_137
maker_dai_black_thursday_2020,MakerDAO Black Thursday DAI stress,DAI,USD,1584176400,2020-03-14T09:00:00Z,1.016,1.038,1.013,1.017,26308.68,26768.23,invert_divide,ETH,CLAIM_135; CLAIM_136; CLAIM_137
maker_dai_black_thursday_2020,MakerDAO Black Thursday DAI stress,DAI,USD,1584180000,2020-03-14T10:00:00Z,1.017,1.021,0.9906,1.018,24523.32,24970.99,invert_divide,ETH,CLAIM_135; CLAIM_136; CLAIM_137
maker_dai_black_thursday_2020,MakerDAO Black Thursday DAI stress,DAI,USD,1584183600,2020-03-14T11:00:00Z,1.018,1.021,1.004,1.014,20851.56,21136.55,invert_divide,ETH,CLAIM_135; CLAIM_136; CLAIM_137
maker_dai_black_thursday_2020,MakerDAO Black Thursday DAI stress,DAI,USD,1584187200,2020-03-14T12:00:00Z,1.014,1.025,1.004,1.02,28541.51,29100.66,invert_divide,ETH,CLAIM_135; CLAIM_136; CLAIM_137
maker_dai_black_thursday_2020,MakerDAO Black Thursday DAI stress,DAI,USD,1584190800,2020-03-14T13:00:00Z,1.02,1.04,1.011,1.016,26816.95,27237.45,invert_divide,ETH,CLAIM_135; CLAIM_136; CLAIM_137
maker_dai_black_thursday_2020,MakerDAO Black Thursday DAI stress,DAI,USD,1584194400,2020-03-14T14:00:00Z,1.016,1.034,1.015,1.028,22636.85,23281.59,invert_divide,ETH,CLAIM_135; CLAIM_136; CLAIM_137
maker_dai_black_thursday_2020,MakerDAO Black Thursday DAI stress,DAI,USD,1584198000,2020-03-14T15:00:00Z,1.028,1.034,1.017,1.022,23826.1,24356.89,invert_divide,ETH,CLAIM_135; CLAIM_136; CLAIM_137
maker_dai_black_thursday_2020,MakerDAO Black Thursday DAI stress,DAI,USD,1584201600,2020-03-14T16:00:00Z,1.022,1.042,1.006,1.025,38675.8,39653.02,invert_divide,ETH,CLAIM_135; CLAIM_136; CLAIM_137
maker_dai_black_thursday_2020,MakerDAO Black Thursday DAI stress,DAI,USD,1584205200,2020-03-14T17:00:00Z,1.025,1.039,1.026,1.036,16431.49,17023.58,invert_divide,ETH,CLAIM_135; CLAIM_136; CLAIM_137
maker_dai_black_thursday_2020,MakerDAO Black Thursday DAI stress,DAI,USD,1584208800,2020-03-14T18:00:00Z,1.036,1.034,1.017,1.025,22856.65,23420.68,invert_divide,ETH,CLAIM_135; CLAIM_136; CLAIM_137
maker_dai_black_thursday_2020,MakerDAO Black Thursday DAI stress,DAI,USD,1584212400,2020-03-14T19:00:00Z,1.031,1.035,1.027,1.032,53556.72,55219.17,direct,,CLAIM_135; CLAIM_136; CLAIM_137
maker_dai_black_thursday_2020,MakerDAO Black Thursday DAI stress,DAI,USD,1584216000,2020-03-14T20:00:00Z,1.025,1.036,1.021,1.031,23216.56,23938.91,invert_divide,ETH,CLAIM_135; CLAIM_136; CLAIM_137
maker_dai_black_thursday_2020,MakerDAO Black Thursday DAI stress,DAI,USD,1584219600,2020-03-14T21:00:00Z,1.031,1.033,1.021,1.025,13751.05,14094.6,invert_divide,ETH,CLAIM_135; CLAIM_136; CLAIM_137
maker_dai_black_thursday_2020,MakerDAO Black Thursday DAI stress,DAI,USD,1584223200,2020-03-14T22:00:00Z,1.025,1.058,1.026,1.039,53506.58,55585.41,invert_divide,ETH,CLAIM_135; CLAIM_136; CLAIM_137
maker_dai_black_thursday_2020,MakerDAO Black Thursday DAI stress,DAI,USD,1584226800,2020-03-14T23:00:00Z,1.033,1.04,1.033,1.04,46683.32,48441.09,direct,,CLAIM_135; CLAIM_136; CLAIM_137
maker_dai_black_thursday_2020,MakerDAO Black Thursday DAI stress,DAI,USD,1584230400,2020-03-15T00:00:00Z,1.043,1.065,1.041,1.057,38187.6,40382.52,invert_divide,ETH,CLAIM_135; CLAIM_136; CLAIM_137
maker_dai_black_thursday_2020,MakerDAO Black Thursday DAI stress,DAI,USD,1584234000,2020-03-15T01:00:00Z,1.044,1.056,1.044,1.045,60619.34,63597.63,direct,,CLAIM_135; CLAIM_136; CLAIM_137
maker_dai_black_thursday_2020,MakerDAO Black Thursday DAI stress,DAI,USD,1584237600,2020-03-15T02:00:00Z,1.045,1.051,1.045,1.049,17552.47,18398.13,direct,,CLAIM_135; CLAIM_136; CLAIM_137
maker_dai_black_thursday_2020,MakerDAO Black Thursday DAI stress,DAI,USD,1584241200,2020-03-15T03:00:00Z,1.013,1.031,1.02,1.023,1680.4,1718.45,invert_divide,BTC,CLAIM_135; CLAIM_136; CLAIM_137
maker_dai_black_thursday_2020,MakerDAO Black Thursday DAI stress,DAI,USD,1584244800,2020-03-15T04:00:00Z,1.044,1.05,1.044,1.05,13172.81,13817.46,direct,,CLAIM_135; CLAIM_136; CLAIM_137
maker_dai_black_thursday_2020,MakerDAO Black Thursday DAI stress,DAI,USD,1584248400,2020-03-15T05:00:00Z,1.05,1.051,1.044,1.045,14472.48,15149.91,direct,,CLAIM_135; CLAIM_136; CLAIM_137
maker_dai_black_thursday_2020,MakerDAO Black Thursday DAI stress,DAI,USD,1584252000,2020-03-15T06:00:00Z,1.012,1.047,1.033,1.041,19971.78,20797.98,invert_divide,ETH,CLAIM_135; CLAIM_136; CLAIM_137
maker_dai_black_thursday_2020,MakerDAO Black Thursday DAI stress,DAI,USD,1584255600,2020-03-15T07:00:00Z,1.041,1.06,1.047,1.053,12485.12,13147.51,invert_divide,ETH,CLAIM_135; CLAIM_136; CLAIM_137
maker_dai_black_thursday_2020,MakerDAO Black Thursday DAI stress,DAI,USD,1584259200,2020-03-15T08:00:00Z,1.053,1.079,1.069,1.071,11538.95,12354.21,invert_divide,ETH,CLAIM_135; CLAIM_136; CLAIM_137
maker_dai_black_thursday_2020,MakerDAO Black Thursday DAI stress,DAI,USD,1584262800,2020-03-15T09:00:00Z,1.071,1.09,1.082,1.088,9181.55,9985.2,invert_divide,ETH,CLAIM_135; CLAIM_136; CLAIM_137
maker_dai_black_thursday_2020,MakerDAO Black Thursday DAI stress,DAI,USD,1584266400,2020-03-15T10:00:00Z,1.088,1.065,1.018,1.057,31602.88,33419.17,invert_divide,ETH,CLAIM_135; CLAIM_136; CLAIM_137
maker_dai_black_thursday_2020,MakerDAO Black Thursday DAI stress,DAI,USD,1584270000,2020-03-15T11:00:00Z,1.057,1.078,1.068,1.072,16349.43,17530.33,invert_divide,ETH,CLAIM_135; CLAIM_136; CLAIM_137
maker_dai_black_thursday_2020,MakerDAO Black Thursday DAI stress,DAI,USD,1584273600,2020-03-15T12:00:00Z,1.072,1.113,1.068,1.074,41442,44501.48,invert_divide,ETH,CLAIM_135; CLAIM_136; CLAIM_137
maker_dai_black_thursday_2020,MakerDAO Black Thursday DAI stress,DAI,USD,1584277200,2020-03-15T13:00:00Z,1.074,1.047,1.035,1.039,17454.91,18133.56,invert_divide,ETH,CLAIM_135; CLAIM_136; CLAIM_137
maker_dai_black_thursday_2020,MakerDAO Black Thursday DAI stress,DAI,USD,1584280800,2020-03-15T14:00:00Z,1.056,1.056,1.03,1.056,33498.77,35082.13,direct,,CLAIM_135; CLAIM_136; CLAIM_137
maker_dai_black_thursday_2020,MakerDAO Black Thursday DAI stress,DAI,USD,1584284400,2020-03-15T15:00:00Z,1.02,1.041,1.025,1.031,26809.2,27629.64,invert_divide,ETH,CLAIM_135; CLAIM_136; CLAIM_137
maker_dai_black_thursday_2020,MakerDAO Black Thursday DAI stress,DAI,USD,1584288000,2020-03-15T16:00:00Z,1.031,1.07,1.051,1.061,31784.48,33732.14,invert_divide,ETH,CLAIM_135; CLAIM_136; CLAIM_137
maker_dai_black_thursday_2020,MakerDAO Black Thursday DAI stress,DAI,USD,1584291600,2020-03-15T17:00:00Z,1.061,1.041,1.025,1.026,26582.67,27263.82,invert_divide,ETH,CLAIM_135; CLAIM_136; CLAIM_137
maker_dai_black_thursday_2020,MakerDAO Black Thursday DAI stress,DAI,USD,1584295200,2020-03-15T18:00:00Z,1.026,1.036,1.018,1.031,62276.93,63928.56,direct,,CLAIM_135; CLAIM_136; CLAIM_137
maker_dai_black_thursday_2020,MakerDAO Black Thursday DAI stress,DAI,USD,1584298800,2020-03-15T19:00:00Z,1.031,1.04,1.03,1.032,27287.65,28150.18,direct,,CLAIM_135; CLAIM_136; CLAIM_137
maker_dai_black_thursday_2020,MakerDAO Black Thursday DAI stress,DAI,USD,1584302400,2020-03-15T20:00:00Z,1.032,1.035,1.028,1.033,14154.8,14613.62,direct,,CLAIM_135; CLAIM_136; CLAIM_137
maker_dai_black_thursday_2020,MakerDAO Black Thursday DAI stress,DAI,USD,1584306000,2020-03-15T21:00:00Z,1.024,1.023,0.9208,1.02,181758.74,185434.01,invert_divide,ETH,CLAIM_135; CLAIM_136; CLAIM_137
maker_dai_black_thursday_2020,MakerDAO Black Thursday DAI stress,DAI,USD,1584309600,2020-03-15T22:00:00Z,1.02,1.122,1.028,1.041,157585.95,164065.18,invert_divide,ETH,CLAIM_135; CLAIM_136; CLAIM_137
maker_dai_black_thursday_2020,MakerDAO Black Thursday DAI stress,DAI,USD,1584313200,2020-03-15T23:00:00Z,1.041,1.044,1.024,1.03,34431.45,35459.08,invert_divide,ETH,CLAIM_135; CLAIM_136; CLAIM_137
maker_dai_black_thursday_2020,MakerDAO Black Thursday DAI stress,DAI,USD,1584316800,2020-03-16T00:00:00Z,1.039,1.046,1.03,1.03,33576.97,34892.96,direct,,CLAIM_135; CLAIM_136; CLAIM_137
